step,time,dt,kinetic_energy,max_div_mac,max_div_nodal,area_pos,interface_ymin,interface_ymax,mac_iters,visc_iters,nodal_iters,umax,yc,vc,circularity,pmax_minus_pmin
0,0,0,0,1.41134e-12,0,0.196607,0.250078,0.749922,12,4,6,0,0.5,0,1.0009,1715.29
10,0.0093396,0.00093396,0.00391801,6.60111e-12,0.0754793,0.196604,0.250101,0.749946,11,3,8,0.00667947,0.500023,0.00488046,1.00091,1718.08
20,0.0186792,0.00093396,0.0154424,7.69151e-12,0.0754886,0.196603,0.250171,0.750018,11,3,7,0.0129399,0.500092,0.00967925,1.00091,1720.01
30,0.0280188,0.00093396,0.0342916,6.77619e-12,0.0753478,0.196603,0.250286,0.750138,11,3,7,0.0188601,0.500205,0.0144111,1.00091,1721.61
40,0.0373584,0.00093396,0.060221,6.31922e-12,0.0751262,0.196603,0.250446,0.750304,11,3,7,0.0245309,0.500363,0.0190826,1.00091,1723.04
50,0.046698,0.00093396,0.0930071,6.13753e-12,0.074822,0.196602,0.250652,0.750515,11,3,7,0.0304122,0.500564,0.023698,1.0009,1724.34
60,0.0560376,0.00093396,0.132442,6.4434e-12,0.0749622,0.196602,0.250903,0.750771,11,3,8,0.0366013,0.500809,0.0282604,1.00089,1725.56
70,0.0653772,0.00093396,0.178329,7.02283e-12,0.0754664,0.196601,0.2512,0.75107,11,3,8,0.0427894,0.501096,0.0327723,1.00089,1726.71
80,0.0747168,0.00093396,0.230483,7.63556e-12,0.0758457,0.1966,0.25154,0.751411,11,3,8,0.0489836,0.501425,0.0372356,1.00089,1727.81
90,0.0840564,0.00093396,0.288726,8.55271e-12,0.0760511,0.196599,0.251925,0.751793,11,3,8,0.0551626,0.501796,0.041652,1.00091,1728.86
100,0.093396,0.00093396,0.352887,8.68439e-12,0.0759947,0.196598,0.252351,0.752217,11,3,8,0.0613434,0.502208,0.0460228,1.00094,1729.86
110,0.102736,0.00093396,0.422803,8.88067e-12,0.0755543,0.196596,0.252817,0.752682,11,3,8,0.0675867,0.50266,0.0503493,1.00097,1730.83
120,0.112075,0.00093396,0.498317,8.99814e-12,0.0746364,0.196594,0.253326,0.753188,11,3,8,0.0739971,0.503153,0.0546326,1.001,1731.77
130,0.121415,0.00093396,0.579276,9.58655e-12,0.0731577,0.196593,0.253874,0.753735,11,3,8,0.0804554,0.503685,0.0588733,1.00104,1732.67
140,0.130754,0.00093396,0.665534,9.73033e-12,0.073311,0.196591,0.254461,0.754322,11,3,8,0.0869473,0.504256,0.0630724,1.00108,1733.56
150,0.140094,0.00093396,0.756946,9.74298e-12,0.0743666,0.19659,0.255087,0.754949,11,3,8,0.0934646,0.504866,0.0672305,1.00111,1734.42
160,0.149434,0.00093396,0.853375,1.02087e-11,0.0748352,0.196589,0.255752,0.755615,11,3,8,0.100005,0.505515,0.0713479,1.00115,1735.26
170,0.158773,0.00093396,0.954685,9.94815e-12,0.074485,0.196588,0.256455,0.75632,11,3,8,0.106593,0.506201,0.0754254,1.00118,1736.08
180,0.168113,0.00093396,1.06075,1.01972e-11,0.0756749,0.196587,0.257197,0.757064,11,3,8,0.113208,0.506926,0.0794631,1.00115,1736.89
190,0.177452,0.00093396,1.17143,1.01646e-11,0.0783162,0.196586,0.257978,0.757846,11,3,8,0.119845,0.507688,0.0834613,1.0011,1737.68
200,0.186792,0.00093396,1.2866,9.83602e-12,0.080404,0.196585,0.258799,0.758666,11,3,8,0.126501,0.508488,0.0874202,1.00105,1738.45
210,0.196132,0.00093396,1.40615,9.4883e-12,0.0818216,0.196585,0.259662,0.759522,11,3,8,0.133175,0.509326,0.0913397,1.00098,1739.22
220,0.205471,0.00093396,1.52995,1.0226e-11,0.0823523,0.196585,0.260571,0.760412,11,3,8,0.139872,0.510202,0.0952199,1.00092,1739.98
230,0.214811,0.00093396,1.65789,1.06537e-11,0.0820797,0.196584,0.26153,0.761332,11,3,8,0.146604,0.511114,0.0990607,1.00088,1740.73
240,0.22415,0.00093396,1.78985,1.12854e-11,0.0820182,0.196582,0.262551,0.762279,11,3,8,0.153347,0.512064,0.102862,1.00088,1741.47
250,0.23349,0.00093396,1.92572,1.11244e-11,0.0805355,0.196579,0.263645,0.763243,11,3,8,0.160098,0.513049,0.106623,1.00088,1742.21
260,0.24283,0.00093396,2.06537,1.0883e-11,0.0811059,0.196575,0.2648,0.764223,11,3,8,0.166853,0.514069,0.110344,1.00088,1742.94
270,0.252169,0.00093396,2.2087,1.0662e-11,0.0807675,0.196571,0.265983,0.765235,11,3,8,0.173609,0.515122,0.114025,1.00092,1743.68
280,0.261509,0.00093396,2.35558,9.3886e-12,0.0782984,0.196567,0.267189,0.766279,11,3,8,0.180361,0.516208,0.117664,1.00101,1744.41
290,0.270848,0.00093396,2.5059,8.46212e-12,0.0780634,0.196565,0.26842,0.767359,11,3,8,0.187129,0.517326,0.121262,1.00108,1745.14
300,0.280188,0.00093396,2.65955,7.84983e-12,0.0785905,0.196562,0.269677,0.768474,11,3,8,0.193917,0.518477,0.124818,1.00115,1745.87
310,0.289528,0.00093396,2.81643,6.99052e-12,0.0784323,0.19656,0.270965,0.769623,11,3,8,0.200701,0.519661,0.128331,1.00118,1746.6
320,0.298867,0.00093396,2.97643,5.90639e-12,0.0821725,0.196558,0.272291,0.770804,11,3,8,0.207477,0.520879,0.131802,1.00108,1747.33
330,0.308207,0.00093396,3.13943,5.25446e-12,0.0843721,0.196556,0.273668,0.772016,11,3,8,0.21424,0.522131,0.135229,1.00094,1748.07
340,0.317546,0.00093396,3.30534,4.46287e-12,0.0848925,0.196553,0.275115,0.773251,11,3,8,0.220985,0.523418,0.138611,1.0009,1748.8
350,0.326886,0.00093396,3.47406,4.11393e-12,0.0844134,0.196549,0.27666,0.774506,11,3,8,0.227706,0.524737,0.141948,1.00083,1749.54
360,0.336226,0.00093396,3.64546,4.16389e-12,0.0823438,0.196545,0.27827,0.775765,11,3,8,0.234398,0.526088,0.14524,1.00079,1750.29
370,0.345565,0.00093396,3.81942,4.8328e-12,0.0829803,0.19654,0.279898,0.777023,11,3,8,0.241097,0.527466,0.148484,1.00077,1751.05
380,0.354905,0.00093396,3.99583,5.3727e-12,0.0810924,0.196536,0.281538,0.77831,11,3,8,0.24779,0.528871,0.151681,1.00084,1751.81
390,0.364244,0.00093396,4.17458,5.10736e-12,0.0797113,0.196533,0.283196,0.779628,11,3,8,0.25445,0.530305,0.15483,1.00095,1752.58
400,0.373584,0.00093396,4.35558,4.67382e-12,0.080164,0.196529,0.284882,0.780978,11,3,8,0.261073,0.531768,0.157929,1.00109,1753.35
410,0.382924,0.00093396,4.53873,4.3987e-12,0.0818924,0.196524,0.286618,0.782359,11,3,8,0.267652,0.533262,0.160979,1.00105,1754.13
420,0.392263,0.00093396,4.72391,4.40536e-12,0.085247,0.196518,0.288445,0.78377,11,3,8,0.274178,0.534787,0.163976,1.00094,1754.92
430,0.401603,0.00093396,4.911,4.52305e-12,0.0862419,0.196513,0.290379,0.785204,11,3,8,0.280641,0.536342,0.166922,1.00081,1755.71
440,0.410943,0.00093396,5.09985,4.36096e-12,0.0857233,0.196509,0.292343,0.786652,11,3,8,0.287038,0.537924,0.169816,1.0007,1756.51
450,0.420282,0.00093396,5.29036,4.32654e-12,0.0832364,0.196505,0.294314,0.7881,11,3,8,0.293444,0.539531,0.172657,1.00064,1757.32
460,0.429622,0.00093396,5.48244,4.87388e-12,0.0837511,0.196501,0.296295,0.789534,11,3,8,0.299806,0.541161,0.175444,1.00059,1758.13
470,0.438961,0.00093396,5.67603,5.278e-12,0.0799465,0.196495,0.298307,0.790992,11,3,8,0.306097,0.542817,0.178175,1.0007,1758.96
480,0.448301,0.00093396,5.871,5.40124e-12,0.0810449,0.196487,0.300387,0.79248,11,3,8,0.312306,0.5445,0.180849,1.00074,1759.8
490,0.457641,0.00093396,6.06723,5.0937e-12,0.081992,0.196478,0.302585,0.793997,11,3,8,0.31842,0.54621,0.183466,1.00082,1760.64
500,0.46698,0.00093396,6.26451,4.6918e-12,0.0860113,0.196472,0.30483,0.795544,11,3,8,0.324429,0.547941,0.186025,1.00061,1761.49
510,0.47632,0.00093396,6.46272,4.06564e-12,0.0868222,0.196468,0.30708,0.797115,11,3,8,0.33033,0.549696,0.188526,1.00041,1762.34
520,0.485659,0.00093396,6.6618,3.51053e-12,0.0861576,0.196466,0.309337,0.798698,11,3,8,0.336246,0.551476,0.190969,1.00031,1763.19
530,0.494999,0.00093396,6.86171,3.40283e-12,0.0841612,0.196462,0.311629,0.800281,11,3,8,0.342077,0.553279,0.193352,1.00031,1764.06
540,0.504339,0.00093396,7.0624,4.38871e-12,0.083766,0.196453,0.314016,0.801841,11,3,8,0.347785,0.555107,0.195675,1.00026,1764.93
550,0.513678,0.00093396,7.26364,5.39235e-12,0.079667,0.196443,0.316496,0.803415,11,3,8,0.353357,0.556954,0.197936,1.00022,1765.82
560,0.523018,0.00093396,7.46521,6.08513e-12,0.0810927,0.196436,0.318984,0.805018,11,3,8,0.358781,0.558817,0.200136,1.00014,1766.7
570,0.532357,0.00093396,7.66706,6.80345e-12,0.0860077,0.19643,0.321474,0.806649,11,3,8,0.364055,0.560699,0.202275,1,1767.58
580,0.541697,0.00093396,7.86917,5.45008e-12,0.0872294,0.196424,0.323991,0.808308,11,3,8,0.369367,0.562604,0.204352,0.999821,1768.47
590,0.551037,0.00093396,8.07143,5.9408e-12,0.0866394,0.196417,0.326596,0.809987,11,3,8,0.374534,0.564534,0.206363,0.999792,1769.36
600,0.560376,0.00093396,8.27367,6.84952e-12,0.0835732,0.196412,0.329287,0.811672,11,3,8,0.379527,0.566483,0.208312,0.99978,1770.24
610,0.569716,0.00093396,8.47569,6.54032e-12,0.0843872,0.196408,0.331979,0.813343,11,3,8,0.384334,0.568445,0.2102,0.999583,1771.13
620,0.579055,0.00093396,8.67749,6.99218e-12,0.0792609,0.196402,0.334674,0.814992,11,3,8,0.388948,0.570422,0.212027,0.999393,1772.02
630,0.588395,0.00093396,8.8791,6.90925e-12,0.0827534,0.196393,0.337408,0.816664,11,3,8,0.393592,0.572417,0.213789,0.999141,1772.92
640,0.597735,0.00093396,9.08038,5.89861e-12,0.0868073,0.196381,0.340244,0.818365,11,3,8,0.398078,0.57443,0.215487,0.998861,1773.81
650,0.607074,0.00093396,9.28095,5.88862e-12,0.0871778,0.196375,0.343112,0.820093,11,3,8,0.402347,0.576457,0.217122,0.99868,1774.69
660,0.616414,0.00093396,9.48074,7.56314e-12,0.0863981,0.196373,0.345976,0.821844,11,3,8,0.40639,0.578499,0.218695,0.998615,1775.56
670,0.625753,0.00093396,9.67984,8.57284e-12,0.0832594,0.196371,0.348855,0.823603,11,3,8,0.410308,0.580557,0.220205,0.998598,1776.43
680,0.635093,0.00093396,9.87831,7.91936e-12,0.0837434,0.196364,0.351812,0.825353,11,3,8,0.414214,0.582633,0.221653,0.998404,1777.29
690,0.644433,0.00093396,10.0759,1.01985e-11,0.0833439,0.196355,0.35483,0.82707,11,3,8,0.417875,0.584719,0.223041,0.998019,1778.16
700,0.653772,0.00093396,10.2723,1.16063e-11,0.0853412,0.196348,0.357837,0.828801,11,3,8,0.421279,0.586812,0.224372,0.997389,1779.01
710,0.663112,0.00093396,10.4676,9.34586e-12,0.0870784,0.19634,0.360849,0.830559,11,3,8,0.424509,0.588919,0.225642,0.99685,1779.86
720,0.672451,0.00093396,10.6619,7.54619e-12,0.0856701,0.196331,0.363922,0.832344,11,3,8,0.427775,0.591042,0.22685,0.996673,1780.69
730,0.681791,0.00093396,10.8548,8.74967e-12,0.0850704,0.196324,0.367062,0.834151,11,3,8,0.43077,0.593177,0.227999,0.996602,1781.51
740,0.691131,0.00093396,11.0463,1.0613e-11,0.0852972,0.196321,0.370185,0.835966,11,3,8,0.433477,0.595319,0.229094,0.996443,1782.31
750,0.70047,0.00093396,11.2363,1.20998e-11,0.0883585,0.196317,0.373309,0.837772,11,3,8,0.436088,0.597471,0.230133,0.996059,1783.11
760,0.70981,0.00093396,11.4252,7.12319e-12,0.0903697,0.196306,0.376488,0.83954,11,3,8,0.438667,0.599635,0.231116,0.995473,1783.89
770,0.719149,0.00093396,11.6125,3.7903e-12,0.0911435,0.196294,0.379723,0.841319,11,3,8,0.440949,0.601805,0.232043,0.994771,1784.67
780,0.728489,0.00093396,11.7979,3.3451e-12,0.0905277,0.196285,0.382935,0.843125,11,3,8,0.442919,0.603982,0.232921,0.99406,1785.43
790,0.737829,0.00093396,11.9817,4.16556e-12,0.0903265,0.196277,0.386148,0.844955,11,3,8,0.445004,0.606168,0.233745,0.993692,1786.17
800,0.747168,0.00093396,12.164,3.77254e-12,0.0874826,0.196268,0.389417,0.846808,11,3,8,0.446866,0.608367,0.234513,0.993399,1786.9
810,0.756508,0.00093396,12.3444,4.71734e-12,0.0869648,0.19626,0.392718,0.848665,11,3,8,0.448407,0.610571,0.235231,0.993017,1787.61
820,0.765847,0.00093396,12.5227,7.2734e-12,0.0904745,0.196257,0.395995,0.850506,11,3,8,0.44984,0.612777,0.235902,0.992449,1788.3
830,0.775187,0.00093396,12.6992,5.28411e-12,0.0933275,0.19625,0.399275,0.852309,12,3,8,0.451287,0.614989,0.236524,0.991731,1788.97
840,0.784527,0.00093396,12.8742,6.89837e-12,0.0952831,0.196237,0.402611,0.854128,12,3,8,0.452415,0.61721,0.237097,0.991067,1789.64
850,0.793866,0.00093396,13.0469,6.45151e-12,0.0965016,0.196229,0.405953,0.855974,12,3,8,0.453246,0.619432,0.237625,0.990565,1790.28
860,0.803206,0.00093396,13.2174,7.80431e-12,0.100066,0.196225,0.40927,0.857843,12,3,8,0.454289,0.62166,0.238111,0.990026,1790.91
870,0.812545,0.00093396,13.386,8.96616e-12,0.103504,0.196218,0.412597,0.85973,12,3,8,0.455016,0.623896,0.238553,0.989388,1791.51
880,0.821885,0.00093396,13.5528,1.07081e-11,0.104128,0.196208,0.415974,0.861616,12,3,8,0.455409,0.626138,0.23895,0.988524,1792.11
890,0.831225,0.00093396,13.7172,1.52556e-11,0.102452,0.196202,0.419334,0.863476,12,3,8,0.455961,0.628379,0.239311,0.987517,1792.68
900,0.840564,0.00093396,13.8793,2.55995e-11,0.094679,0.196197,0.422672,0.865308,12,3,8,0.456311,0.630621,0.239632,0.986776,1793.24
910,0.849904,0.00093396,14.0396,2.08333e-11,0.0907159,0.196189,0.426029,0.867158,12,3,8,0.456334,0.632866,0.239911,0.986245,1793.78
920,0.859243,0.00093396,14.1978,1.64579e-11,0.0939158,0.196178,0.429417,0.869036,12,3,8,0.456401,0.635117,0.240152,0.985753,1794.29
930,0.868583,0.00093396,14.3534,2.14073e-11,0.100979,0.196174,0.432775,0.870935,12,3,8,0.456406,0.637366,0.240365,0.984959,1794.79
940,0.877923,0.00093396,14.5068,2.25242e-11,0.106953,0.196169,0.436119,0.872847,12,3,8,0.45609,0.639619,0.240546,0.983977,1795.28
950,0.887262,0.00093396,14.6583,2.6783e-11,0.11267,0.196158,0.439486,0.874751,12,3,8,0.455714,0.641878,0.240691,0.982864,1795.75
960,0.896602,0.00093396,14.8076,2.25975e-11,0.117498,0.196148,0.442859,0.876615,12,3,8,0.455413,0.644138,0.240805,0.981946,1796.2
970,0.905941,0.00093396,14.9543,1.04317e-11,0.120542,0.19614,0.446199,0.878469,12,3,8,0.454797,0.646392,0.240893,0.981073,1796.64
980,0.915281,0.00093396,15.0989,7.76046e-12,0.121111,0.196131,0.4495,0.880348,12,3,8,0.454013,0.648646,0.240951,0.980244,1797.07
990,0.924621,0.00093396,15.2416,8.04912e-12,0.118671,0.196116,0.452796,0.882252,11,3,8,0.453445,0.650908,0.240976,0.979382,1797.49
1000,0.93396,0.00093396,15.3817,2.02111e-11,0.108019,0.196106,0.456046,0.884174,10,3,8,0.452571,0.653168,0.240974,0.978349,1797.88
1010,0.9433,0.00093396,15.5193,1.15569e-11,0.100237,0.196104,0.459234,0.8861,10,3,8,0.451408,0.655423,0.240948,0.977249,1798.25
1020,0.952639,0.00093396,15.6547,8.37108e-12,0.108605,0.1961,0.462404,0.888006,10,3,8,0.450607,0.657681,0.240894,0.976394,1798.61
1030,0.961979,0.00093396,15.7882,1.10223e-11,0.116666,0.196088,0.465552,0.889869,10,3,8,0.449517,0.659942,0.240813,0.97566,1798.96
1040,0.971319,0.00093396,15.9193,1.85102e-11,0.123323,0.196078,0.468681,0.891747,10,3,8,0.448128,0.662196,0.24071,0.974757,1799.29
1050,0.980658,0.00093396,16.0478,6.7224e-12,0.129305,0.196073,0.471733,0.893648,11,3,8,0.447006,0.664446,0.240589,0.973695,1799.61
1060,0.989998,0.00093396,16.1742,1.41651e-11,0.134978,0.196066,0.474783,0.895571,11,3,8,0.445732,0.666698,0.240446,0.972399,1799.92
1070,0.999337,0.00093396,16.2987,1.21381e-11,0.139569,0.196053,0.477808,0.897508,11,3,8,0.444179,0.668957,0.24028,0.971194,1800.23
1080,1.00868,0.00093396,16.4207,7.90382e-12,0.141308,0.196046,0.480811,0.899438,11,3,8,0.44274,0.67121,0.240096,0.970123,1800.51
1090,1.01802,0.00093396,16.5401,6.50223e-12,0.140009,0.196043,0.483793,0.901332,11,3,8,0.441319,0.673459,0.239896,0.96923,1800.78
1100,1.02736,0.00093396,16.6575,1.32524e-11,0.12954,0.196036,0.486701,0.903204,11,3,8,0.439636,0.675704,0.239679,0.968254,1801.04
1110,1.0367,0.00093396,16.7731,3.11795e-11,0.111124,0.19602,0.489625,0.905098,11,3,8,0.437901,0.677949,0.239442,0.967182,1801.29
1120,1.04604,0.00093396,16.8862,2.69004e-11,0.12021,0.196008,0.492557,0.907015,11,3,8,0.436373,0.680191,0.239191,0.965894,1801.53
1130,1.05538,0.00093396,16.9968,9.30223e-12,0.129783,0.196004,0.495424,0.908951,11,3,8,0.434595,0.682429,0.238927,0.964685,1801.75
1140,1.06471,0.00093396,17.1053,3.26184e-12,0.137084,0.196,0.498243,0.910891,11,3,8,0.432576,0.684666,0.238648,0.963705,1801.96
1150,1.07405,0.00093396,17.2119,8.51264e-12,0.143881,0.195991,0.501075,0.912814,11,3,8,0.430976,0.686906,0.238351,0.9628,1802.17
1160,1.08339,0.00093396,17.3163,6.03795e-12,0.15053,0.195978,0.503935,0.914692,11,3,8,0.429142,0.689141,0.238043,0.961751,1802.37
1170,1.09273,0.00093396,17.4184,9.41247e-12,0.155485,0.195968,0.50672,0.916576,13,3,8,0.427073,0.691367,0.237726,0.96042,1802.57
1180,1.10207,0.00093396,17.5182,1.9218e-11,0.160147,0.195959,0.509467,0.918485,12,3,8,0.425209,0.693589,0.237398,0.959013,1802.77
1190,1.11141,0.00093396,17.6161,2.63589e-11,0.160463,0.195949,0.512209,0.920413,10,3,8,0.423346,0.695814,0.237053,0.957806,1802.94
1200,1.12075,0.00093396,17.712,2.06837e-11,0.15469,0.195936,0.514982,0.922355,10,3,8,0.421265,0.698039,0.236697,0.956918,1803.11
1210,1.13009,0.00093396,17.8056,3.46734e-11,0.135715,0.195931,0.517725,0.924291,10,3,8,0.41914,0.700257,0.23633,0.956008,1803.27
1220,1.13943,0.00093396,17.8968,3.22414e-11,0.128977,0.195928,0.520405,0.926193,10,3,8,0.417275,0.702469,0.235954,0.954973,1803.41
1230,1.14877,0.00093396,17.9862,3.26089e-11,0.142883,0.19592,0.523065,0.928067,10,3,8,0.415205,0.704674,0.235568,0.953724,1803.55
1240,1.15811,0.00093396,18.0737,7.11486e-12,0.145806,0.195909,0.525734,0.929961,11,3,8,0.412936,0.706878,0.235173,0.952399,1803.68
1250,1.16745,0.00093396,18.1592,3.5234e-11,0.154225,0.195898,0.528439,0.931878,10,3,8,0.410987,0.709081,0.234769,0.951299,1803.81
1260,1.17679,0.00093396,18.2424,1.28075e-11,0.167646,0.195891,0.531107,0.933812,11,3,8,0.408954,0.711279,0.234361,0.950236,1803.93
1270,1.18613,0.00093396,18.3235,1.24605e-11,0.16979,0.195886,0.533702,0.935751,11,3,8,0.406731,0.713474,0.233948,0.94923,1804.04
1280,1.19547,0.00093396,18.4028,1.26608e-11,0.173491,0.195879,0.536282,0.937674,11,3,8,0.404528,0.715668,0.23353,0.948134,1804.16
1290,1.20481,0.00093396,18.4803,8.31479e-12,0.177494,0.195864,0.538886,0.93955,11,3,8,0.402556,0.717857,0.233106,0.946848,1804.27
1300,1.21415,0.00093396,18.5559,1.6801e-11,0.175783,0.195848,0.541523,0.941429,10,3,8,0.400409,0.720041,0.232676,0.945395,1804.39
1310,1.22349,0.00093396,18.6293,1.16551e-11,0.161766,0.195838,0.544139,0.943331,10,3,8,0.398088,0.722218,0.232237,0.944306,1804.5
1320,1.23283,0.00093396,18.7007,2.42384e-11,0.134544,0.195832,0.546678,0.945251,10,3,8,0.398385,0.72439,0.231791,0.943441,1804.58
1330,1.24217,0.00093396,18.7703,8.74523e-12,0.152875,0.195826,0.549179,0.947186,11,3,8,0.400239,0.726561,0.231339,0.942577,1804.66
1340,1.25151,0.00093396,18.8381,6.55087e-12,0.156988,0.195817,0.551717,0.949115,11,3,8,0.402337,0.728731,0.230881,0.941581,1804.74
1350,1.26085,0.00093396,18.9039,5.65881e-12,0.166414,0.195808,0.554286,0.951013,11,3,8,0.40439,0.730894,0.23042,0.94036,1804.81
1360,1.27019,0.00093396,18.9679,6.68576e-12,0.185283,0.195799,0.556828,0.952879,11,3,8,0.406384,0.733048,0.229957,0.939004,1804.88
1370,1.27953,0.00093396,19.03,2.63836e-11,0.193464,0.195792,0.559343,0.95476,10,3,8,0.408307,0.735197,0.22949,0.937978,1804.94
1380,1.28887,0.00093396,19.0904,2.38354e-11,0.183638,0.195782,0.561838,0.956663,10,3,8,0.410149,0.737346,0.229021,0.937152,1805.01
1390,1.2982,0.00093396,19.1492,7.31415e-12,0.181744,0.195769,0.564314,0.958584,11,3,8,0.411905,0.739495,0.228551,0.936243,1805.07
1400,1.30754,0.00093396,19.2061,5.62705e-12,0.181367,0.195757,0.56682,0.960511,11,3,8,0.413594,0.741639,0.228078,0.935176,1805.13
1410,1.31688,0.00093396,19.2611,7.10476e-12,0.17215,0.19575,0.569292,0.962425,11,3,8,0.415579,0.743776,0.227604,0.93391,1805.19
1420,1.32622,0.00093396,19.3144,9.65672e-12,0.145882,0.195743,0.57173,0.964294,11,3,8,0.417488,0.745906,0.227126,0.932813,1805.23
1430,1.33556,0.00093396,19.3661,1.32816e-11,0.162356,0.195733,0.574157,0.966156,11,3,8,0.419318,0.74803,0.226645,0.931863,1805.28
1440,1.3449,0.00093396,19.4163,2.49445e-11,0.173942,0.19572,0.576614,0.96804,11,3,8,0.421055,0.750154,0.226161,0.931128,1805.32
1450,1.35424,0.00093396,19.4647,1.95244e-11,0.185079,0.195708,0.579099,0.969942,11,3,8,0.422741,0.752273,0.225676,0.930246,1805.36
1460,1.36358,0.00093396,19.5113,2.28728e-11,0.205962,0.195701,0.581561,0.971858,11,3,8,0.424495,0.754385,0.225191,0.929282,1805.4
1470,1.37292,0.00093396,19.5562,2.1394e-11,0.219071,0.195695,0.583968,0.973773,11,3,8,0.426159,0.756494,0.224705,0.928058,1805.44
1480,1.38226,0.00093396,19.5996,1.18749e-11,0.213246,0.195686,0.586326,0.975662,11,3,7,0.427726,0.758601,0.22422,0.926976,1805.47
1490,1.3916,0.00093396,19.6416,8.28337e-12,0.186386,0.195671,0.588713,0.977512,11,3,7,0.429546,0.760704,0.223732,0.926045,1805.51
1500,1.40094,0.00093396,19.682,4.00679e-11,0.154367,0.195656,0.591145,0.979372,10,3,7,0.431374,0.762801,0.223243,0.925341,1805.54
1510,1.41028,0.00093396,19.7207,7.02216e-12,0.14325,0.195646,0.593551,0.981253,12,3,7,0.43313,0.764892,0.222754,0.924569,1805.56
1520,1.41962,0.00093396,19.7579,3.13438e-11,0.154277,0.195639,0.595921,0.983151,11,3,8,0.434797,0.766975,0.222265,0.923751,1805.57
1530,1.42896,0.00093396,19.7937,8.59313e-12,0.177897,0.195631,0.59827,0.985059,12,3,8,0.43636,0.769056,0.221776,0.92279,1805.57
1540,1.4383,0.00093396,19.8281,2.61258e-11,0.191292,0.195622,0.600629,0.986957,13,3,8,0.437807,0.771137,0.221288,0.921843,1805.57
1550,1.44764,0.00093396,19.861,1.05604e-11,0.198402,0.195611,0.603028,0.988819,13,3,8,0.439327,0.773213,0.2208,0.921033,1805.58
1560,1.45698,0.00093396,19.8926,2.50604e-11,0.21412,0.1956,0.605421,0.990658,11,3,8,0.441031,0.775279,0.220314,0.920351,1805.6
1570,1.46632,0.00093396,19.9227,2.81166e-11,0.224391,0.195589,0.607786,0.992514,11,3,8,0.442631,0.777341,0.219833,0.919672,1805.61
1580,1.47566,0.00093396,19.9515,1.28135e-11,0.220382,0.195576,0.610111,0.99439,11,3,8,0.444122,0.779401,0.219357,0.91883,1805.62
1590,1.485,0.00093396,19.9791,1.12477e-11,0.195504,0.195561,0.612403,0.996281,12,3,8,0.445712,0.781459,0.218882,0.917922,1805.63
1600,1.49434,0.00093396,20.0054,3.57545e-11,0.168714,0.195546,0.614749,0.998175,11,3,8,0.447235,0.783515,0.218405,0.917045,1805.64
1610,1.50368,0.00093396,20.0303,1.96145e-11,0.178729,0.195537,0.617098,1.00005,11,3,8,0.448648,0.785564,0.217926,0.916429,1805.65
1620,1.51302,0.00093396,20.0537,1.43985e-11,0.193085,0.19553,0.619411,1.00189,11,3,8,0.449937,0.787604,0.217447,0.915835,1805.64
1630,1.52236,0.00093396,20.0759,1.65503e-11,0.225269,0.195521,0.621691,1.00372,11,3,8,0.451155,0.789638,0.216969,0.915255,1805.63
1640,1.53169,0.00093396,20.097,1.33586e-11,0.236145,0.19551,0.623957,1.00557,11,3,8,0.452689,0.791669,0.216491,0.914603,1805.62
1650,1.54103,0.00093396,20.1168,1.58917e-11,0.222505,0.195496,0.626249,1.00744,11,3,8,0.454124,0.793699,0.216015,0.913791,1805.61
1660,1.55037,0.00093396,20.1354,1.1291e-11,0.185429,0.195483,0.628576,1.00932,11,3,8,0.455463,0.795726,0.215542,0.912906,1805.59
1670,1.55971,0.00093396,20.1528,1.31415e-11,0.159994,0.195474,0.630883,1.0112,11,3,8,0.456787,0.797748,0.215072,0.9122,1805.57
1680,1.56905,0.00093396,20.1689,1.32028e-11,0.168444,0.195467,0.633157,1.01306,11,3,8,0.458173,0.799766,0.214605,0.911756,1805.54
1690,1.57839,0.00093396,20.184,1.48503e-11,0.185423,0.195459,0.635406,1.01488,11,3,8,0.45946,0.801775,0.214138,0.911374,1805.51
1700,1.58773,0.00093396,20.1982,2.2955e-11,0.199216,0.195448,0.637655,1.0167,11,3,8,0.460631,0.80378,0.21367,0.910924,1805.47
1710,1.59707,0.00093396,20.2113,1.64992e-11,0.200861,0.195435,0.639938,1.01854,11,3,8,0.461803,0.805782,0.213206,0.910263,1805.43
1720,1.60641,0.00093396,20.2234,5.27089e-11,0.212938,0.195424,0.642223,1.0204,10,3,8,0.463077,0.807778,0.212749,0.909479,1805.4
1730,1.61575,0.00093396,20.2343,5.75873e-11,0.224408,0.195417,0.644484,1.02227,10,3,8,0.464402,0.809771,0.212298,0.908832,1805.37
1740,1.62509,0.00093396,20.2444,2.02338e-11,0.223662,0.19541,0.646716,1.02414,11,3,8,0.465622,0.811763,0.211852,0.908445,1805.34
1750,1.63443,0.00093396,20.2535,2.14206e-11,0.200521,0.1954,0.648935,1.02597,11,3,8,0.466806,0.813752,0.211408,0.908179,1805.31
1760,1.64377,0.00093396,20.2619,1.00875e-11,0.177156,0.195386,0.651165,1.02777,11,3,8,0.468051,0.815735,0.210966,0.90786,1805.28
1770,1.65311,0.00093396,20.2693,1.0254e-11,0.188724,0.195371,0.653417,1.02959,11,3,8,0.469203,0.817712,0.210528,0.907426,1805.24
1780,1.66245,0.00093396,20.2758,2.36779e-11,0.210138,0.19536,0.655652,1.03142,10,3,8,0.47025,0.819681,0.210095,0.906743,1805.2
1790,1.67179,0.00093396,20.2815,4.23372e-11,0.2438,0.195351,0.657864,1.03327,10,3,8,0.471418,0.821648,0.209668,0.9062,1805.16
1800,1.68113,0.00093396,20.2863,4.45111e-11,0.255293,0.195343,0.660051,1.03513,10,3,8,0.472491,0.823615,0.209245,0.905888,1805.13
1810,1.69047,0.00093396,20.2905,4.75096e-11,0.238193,0.19533,0.662231,1.03698,10,3,8,0.473541,0.825583,0.208828,0.905744,1805.1
1820,1.69981,0.00093396,20.294,3.58469e-11,0.194015,0.195311,0.664429,1.03879,10,3,8,0.474599,0.827547,0.208417,0.905481,1805.07
1830,1.70915,0.00093396,20.2967,2.85736e-11,0.162841,0.195292,0.666634,1.04058,10,3,8,0.475631,0.829504,0.20801,0.905133,1805.05
1840,1.71849,0.00093396,20.2985,3.39262e-11,0.176482,0.195278,0.668821,1.04239,10,3,8,0.476661,0.831452,0.207604,0.904727,1805
1850,1.72783,0.00093396,20.2997,6.79456e-12,0.216392,0.195268,0.670985,1.04421,11,3,8,0.477651,0.833394,0.207198,0.904243,1804.95
1860,1.73717,0.00093396,20.3002,4.01457e-11,0.23915,0.195258,0.673131,1.04605,10,3,8,0.478637,0.835337,0.206796,0.90393,1804.9
1870,1.74651,0.00093396,20.3,2.25842e-11,0.230339,0.195245,0.675274,1.04789,10,3,8,0.479661,0.837281,0.206398,0.903854,1804.84
1880,1.75585,0.00093396,20.2993,2.38289e-11,0.207929,0.19523,0.677437,1.04972,10,3,8,0.480676,0.839223,0.206004,0.903769,1804.79
1890,1.76518,0.00093396,20.2977,2.42939e-11,0.186003,0.195216,0.679598,1.05152,10,3,8,0.481647,0.841158,0.205613,0.903542,1804.74
1900,1.77452,0.00093396,20.2955,3.15215e-11,0.149994,0.195204,0.681742,1.0533,10,3,8,0.482542,0.843084,0.205226,0.903223,1804.67
1910,1.78386,0.00093396,20.2927,1.02154e-11,0.189633,0.195195,0.683866,1.0551,11,3,8,0.483359,0.845004,0.204839,0.902866,1804.59
1920,1.7932,0.00093396,20.2895,1.00933e-11,0.212211,0.195186,0.685975,1.05691,11,3,8,0.4841,0.846922,0.204456,0.902547,1804.5
1930,1.80254,0.00093396,20.2858,5.59632e-11,0.206675,0.195176,0.688087,1.05874,10,3,8,0.484763,0.848841,0.204076,0.902482,1804.42
1940,1.81188,0.00093396,20.2816,1.14486e-11,0.206253,0.195166,0.690216,1.06057,11,3,8,0.485643,0.850758,0.2037,0.902482,1804.34
1950,1.82122,0.00093396,20.2767,1.50369e-11,0.198784,0.195159,0.692342,1.06238,11,3,8,0.486461,0.852671,0.203331,0.902406,1804.26
1960,1.83056,0.00093396,20.2714,1.30207e-11,0.173067,0.195151,0.694449,1.06416,11,3,8,0.487204,0.854577,0.202968,0.902257,1804.18
1970,1.8399,0.00093396,20.2658,1.18119e-11,0.174589,0.195143,0.696537,1.06593,11,3,8,0.487871,0.856476,0.202612,0.901984,1804.09
1980,1.84924,0.00093396,20.2598,1.16396e-11,0.198164,0.195134,0.698612,1.06772,11,3,8,0.48846,0.858371,0.202258,0.901747,1804.01
1990,1.85858,0.00093396,20.2535,1.24905e-11,0.215715,0.195124,0.70069,1.06952,11,3,8,0.488973,0.860267,0.201908,0.90161,1803.92
2000,1.86792,0.00093396,20.2468,2.99529e-11,0.225081,0.195115,0.702785,1.07133,11,3,8,0.489548,0.862162,0.201562,0.901709,1803.85
2010,1.87726,0.00093396,20.2397,1.39648e-11,0.22321,0.195109,0.704875,1.07315,11,3,8,0.490221,0.864055,0.201223,0.901787,1803.77
2020,1.8866,0.00093396,20.2322,2.18607e-11,0.197711,0.195102,0.706926,1.07496,11,3,8,0.490815,0.865943,0.200893,0.901785,1803.69
2030,1.89594,0.00093396,20.2245,3.48512e-11,0.168997,0.195096,0.708959,1.07672,11,3,8,0.491333,0.867825,0.200569,0.90169,1803.6
2040,1.90528,0.00093396,20.2166,3.86691e-11,0.194023,0.195088,0.710982,1.07848,11,3,8,0.49177,0.869701,0.200248,0.901492,1803.51
2050,1.91462,0.00093396,20.2085,5.7514e-11,0.214158,0.195078,0.713003,1.08026,11,3,8,0.492131,0.871576,0.19993,0.901402,1803.43
2060,1.92396,0.00093396,20.2002,3.52172e-11,0.231624,0.195069,0.715032,1.08205,11,3,8,0.492436,0.873451,0.199617,0.90147,1803.34
2070,1.9333,0.00093396,20.1916,2.09734e-11,0.233304,0.19506,0.717054,1.08385,11,3,8,0.492957,0.875324,0.199313,0.901679,1803.26
2080,1.94264,0.00093396,20.1827,2.94187e-11,0.20907,0.195052,0.719063,1.08566,11,3,8,0.493397,0.877197,0.199018,0.901809,1803.18
2090,1.95198,0.00093396,20.1738,2.10054e-11,0.166288,0.195045,0.721059,1.08745,11,3,8,0.493759,0.879064,0.198729,0.901877,1803.09
2100,1.96132,0.00093396,20.1647,2.1191e-11,0.19015,0.195038,0.723042,1.08921,11,3,8,0.494039,0.880925,0.198442,0.901886,1803
2110,1.97066,0.00093396,20.1556,1.00142e-11,0.207863,0.19503,0.725021,1.09095,11,3,8,0.494243,0.882782,0.198158,0.90177,1802.91
2120,1.98,0.00093396,20.1463,5.98055e-11,0.229321,0.19502,0.726999,1.09272,10,3,8,0.494362,0.884638,0.19788,0.901817,1802.82
2130,1.98934,0.00093396,20.137,4.20197e-11,0.233431,0.195009,0.728956,1.0945,10,3,8,0.49466,0.886494,0.197611,0.901978,1802.74
2140,1.99867,0.00093396,20.1276,5.39768e-11,0.206236,0.194998,0.730902,1.09629,10,3,8,0.494945,0.888351,0.197352,0.90228,1802.65
2150,2.00801,0.00093396,20.1181,1.68776e-11,0.165465,0.194989,0.73284,1.09809,11,3,8,0.495151,0.890205,0.197098,0.90248,1802.57
2160,2.01735,0.00093396,20.1086,2.18092e-11,0.186705,0.194982,0.734768,1.09987,11,3,8,0.495278,0.892055,0.196846,0.902698,1802.47
2170,2.02669,0.00093396,20.0991,9.08518e-12,0.202774,0.194976,0.73669,1.10162,11,3,8,0.495328,0.893898,0.196596,0.902678,1802.37
2180,2.03603,0.00093396,20.0896,3.72014e-11,0.225909,0.194967,0.738612,1.10336,10,3,8,0.495297,0.895738,0.196355,0.902627,1802.28
2190,2.04537,0.00093396,20.0802,4.18998e-11,0.226867,0.194954,0.740525,1.10511,10,3,8,0.495372,0.897579,0.196122,0.902761,1802.19
2200,2.05471,0.00093396,20.0708,4.60076e-12,0.195931,0.194941,0.742413,1.10688,11,3,8,0.495512,0.89942,0.195898,0.903044,1802.11
2210,2.06405,0.00093396,20.0614,6.07736e-12,0.166028,0.19493,0.744294,1.10866,11,3,8,0.495574,0.90126,0.195678,0.903442,1802.02
2220,2.07339,0.00093396,20.0521,6.50591e-12,0.18455,0.194923,0.746168,1.11045,11,3,8,0.495562,0.903098,0.195459,0.90379,1801.91
2230,2.08273,0.00093396,20.0428,1.67084e-11,0.202447,0.194916,0.748037,1.11223,11,3,8,0.495474,0.904932,0.195245,0.903935,1801.82
2240,2.09207,0.00093396,20.0337,1.62919e-11,0.222967,0.194908,0.749902,1.11397,11,3,8,0.495308,0.906762,0.195039,0.903903,1801.72
2250,2.10141,0.00093396,20.0247,5.64704e-11,0.217586,0.194896,0.751742,1.1157,10,3,8,0.495206,0.90859,0.194842,0.903885,1801.62
2260,2.11075,0.00093396,20.0159,1.1509e-11,0.181056,0.194882,0.753578,1.11744,11,3,8,0.495218,0.910417,0.194653,0.904209,1801.54
2270,2.12009,0.00093396,20.0071,1.03215e-11,0.168385,0.19487,0.755407,1.1192,11,3,8,0.495156,0.912242,0.194466,0.904602,1801.45
2280,2.12943,0.00093396,19.9985,3.26015e-11,0.180608,0.194863,0.757231,1.12097,10,3,8,0.495024,0.914067,0.19428,0.905115,1801.35
2290,2.13877,0.00093396,19.9899,3.89946e-11,0.204179,0.194857,0.759036,1.12275,10,3,8,0.494819,0.915891,0.1941,0.905353,1801.24
2300,2.14811,0.00093396,19.9817,4.12625e-11,0.219067,0.194846,0.760828,1.12452,10,3,8,0.49454,0.917714,0.19393,0.905455,1801.14
2310,2.15745,0.00093396,19.9736,5.40057e-11,0.205771,0.194833,0.762617,1.12626,10,3,8,0.494314,0.919536,0.193769,0.905424,1801.05
2320,2.16679,0.00093396,19.9658,6.98108e-12,0.162384,0.194821,0.764405,1.12798,11,3,8,0.49422,0.921353,0.193613,0.905597,1800.96
2330,2.17613,0.00093396,19.9581,6.38378e-12,0.171145,0.194811,0.766171,1.12971,11,3,8,0.494057,0.923166,0.193458,0.906067,1800.86
2340,2.18547,0.00093396,19.9506,7.05658e-12,0.179805,0.194804,0.767926,1.13146,11,3,8,0.493828,0.924978,0.193304,0.906506,1800.76
2350,2.19481,0.00093396,19.9432,1.20415e-11,0.205373,0.194797,0.769679,1.13323,11,3,8,0.493529,0.92679,0.193158,0.906924,1800.66
2360,2.20415,0.00093396,19.9362,1.37934e-11,0.213122,0.194787,0.77142,1.135,11,3,8,0.493159,0.928605,0.193021,0.907116,1800.56
2370,2.21349,0.00093396,19.9295,1.14553e-11,0.191159,0.194773,0.773148,1.13677,11,3,8,0.492861,0.930421,0.192894,0.907163,1800.47
2380,2.22283,0.00093396,19.923,1.23812e-11,0.146029,0.194761,0.774873,1.1385,11,3,8,0.492683,0.932234,0.19277,0.907301,1800.38
2390,2.23217,0.00093396,19.9167,1.32632e-11,0.172818,0.194753,0.776585,1.14022,11,3,8,0.492443,0.934041,0.192645,0.90761,1800.28
2400,2.2415,0.00093396,19.9106,9.44356e-12,0.185162,0.194747,0.778281,1.14194,11,3,8,0.49214,0.935843,0.192524,0.908102,1800.18
2410,2.25084,0.00093396,19.9048,8.60112e-12,0.204358,0.194739,0.779975,1.14368,11,3,8,0.491771,0.937645,0.19241,0.908478,1800.08
2420,2.26018,0.00093396,19.8993,9.21041e-12,0.204438,0.194729,0.781653,1.14544,11,3,8,0.491333,0.93945,0.192306,0.908839,1799.99
2430,2.26952,0.00093396,19.8942,6.08891e-12,0.174599,0.194717,0.783331,1.1472,11,3,8,0.491007,0.941258,0.192209,0.908974,1799.9
2440,2.27886,0.00093396,19.8893,3.66205e-11,0.15164,0.194706,0.784997,1.14897,10,3,8,0.49077,0.943065,0.192114,0.909117,1799.81
2450,2.2882,0.00093396,19.8847,2.4289e-11,0.172008,0.194698,0.78666,1.15071,10,3,8,0.490475,0.944869,0.19202,0.909328,1799.71
2460,2.29754,0.00093396,19.8803,1.8503e-11,0.188297,0.194691,0.788306,1.15241,10,3,8,0.490119,0.946669,0.19193,0.909679,1799.62
2470,2.30688,0.00093396,19.8763,2.69607e-11,0.200822,0.194684,0.78994,1.15413,10,3,8,0.489702,0.948466,0.191847,0.910152,1799.52
2480,2.31622,0.00093396,19.8726,2.29639e-11,0.192016,0.194674,0.791564,1.15586,10,3,8,0.489219,0.950263,0.191772,0.910467,1799.43
2490,2.32556,0.00093396,19.8693,2.15898e-11,0.155522,0.194663,0.793182,1.15761,10,3,8,0.488899,0.952062,0.191704,0.910781,1799.35
2500,2.3349,0.00093396,19.8662,3.77756e-11,0.154534,0.194656,0.794795,1.15937,10,3,8,0.488624,0.953861,0.191636,0.910984,1799.25
2510,2.34424,0.00093396,19.8635,3.41771e-11,0.169687,0.194649,0.796404,1.16113,10,3,8,0.488295,0.95566,0.191571,0.911123,1799.17
2520,2.35358,0.00093396,19.861,4.47078e-11,0.188419,0.194642,0.798012,1.16287,10,3,8,0.487908,0.957459,0.19151,0.911326,1799.07
2530,2.36292,0.00093396,19.8589,4.34763e-12,0.193962,0.194633,0.799617,1.16458,11,3,8,0.487461,0.959257,0.191456,0.91169,1798.98
2540,2.37226,0.00093396,19.8572,9.38449e-12,0.177983,0.194622,0.801216,1.16629,11,3,8,0.486953,0.961053,0.191409,0.91214,1798.9
2550,2.3816,0.00093396,19.8559,8.98726e-12,0.135654,0.194613,0.802808,1.16802,11,3,8,0.486668,0.962845,0.191366,0.912442,1798.82
2560,2.39094,0.00093396,19.8548,4.58233e-11,0.154423,0.194608,0.804405,1.16976,10,3,8,0.486374,0.964637,0.191323,0.912811,1798.73
2570,2.40028,0.00093396,19.854,1.21636e-11,0.172976,0.194603,0.806007,1.17151,11,3,8,0.486029,0.96643,0.191284,0.912924,1798.65
2580,2.40962,0.00093396,19.8536,1.28075e-11,0.185702,0.194596,0.807615,1.17327,11,3,8,0.485628,0.968225,0.191251,0.912975,1798.56
2590,2.41896,0.00093396,19.8535,2.92988e-11,0.184137,0.194589,0.809228,1.17501,11,3,8,0.485169,0.970022,0.191223,0.913202,1798.48
2600,2.4283,0.00093396,19.8539,2.76201e-11,0.163148,0.194579,0.810844,1.17672,11,3,8,0.484669,0.97182,0.1912,0.913611,1798.4
2610,2.43764,0.00093396,19.8545,1.85807e-11,0.125954,0.19457,0.812459,1.17843,11,3,8,0.484421,0.973613,0.19118,0.914074,1798.32
2620,2.44698,0.00093396,19.8555,5.99312e-11,0.156179,0.194564,0.814068,1.18015,10,3,8,0.484125,0.975402,0.191161,0.914443,1798.25
2630,2.45632,0.00093396,19.8568,9.51239e-12,0.173706,0.194559,0.815675,1.18189,11,3,8,0.483779,0.97719,0.191145,0.914639,1798.17
2640,2.46566,0.00093396,19.8585,3.37308e-11,0.180029,0.194553,0.817288,1.18364,11,3,8,0.483379,0.978982,0.191136,0.914621,1798.1
2650,2.47499,0.00093396,19.8605,9.94582e-12,0.173429,0.194547,0.818908,1.18539,11,3,8,0.482925,0.980776,0.191131,0.914684,1798.03
2660,2.48433,0.00093396,19.8628,1.27987e-11,0.14885,0.19454,0.820535,1.18714,11,3,8,0.482486,0.982572,0.191129,0.914989,1797.95
2670,2.49367,0.00093396,19.8656,6.99441e-12,0.131831,0.194533,0.822167,1.18885,11,3,8,0.482246,0.984368,0.19113,0.915479,1797.88
2680,2.50301,0.00093396,19.8686,1.36868e-11,0.159596,0.194527,0.823803,1.19056,11,3,8,0.48196,0.986159,0.191132,0.915932,1797.81
2690,2.51235,0.00093396,19.872,1.14753e-11,0.171816,0.19452,0.825438,1.19227,11,3,8,0.481627,0.987948,0.191137,0.916177,1797.75
2700,2.52169,0.00093396,19.8757,2.82552e-11,0.171932,0.194514,0.827068,1.194,11,3,8,0.481242,0.989738,0.191147,0.916168,1797.69
2710,2.53103,0.00093396,19.8798,2.04792e-11,0.163079,0.194508,0.8287,1.19575,11,3,8,0.480805,0.991529,0.191161,0.916141,1797.63
2720,2.54037,0.00093396,19.8842,3.1477e-11,0.137228,0.194502,0.830341,1.1975,11,3,8,0.480429,0.993323,0.191179,0.916259,1797.56
2730,2.54971,0.00093396,19.8889,4.02833e-11,0.133957,0.194497,0.831988,1.19925,11,3,8,0.480208,0.995118,0.191198,0.916732,1797.5
2740,2.55905,0.00093396,19.894,3.0429e-11,0.159923,0.194494,0.833643,1.20098,11,3,8,0.479944,0.996913,0.191218,0.917189,1797.44
2750,2.56839,0.00093396,19.8993,2.10072e-11,0.167566,0.194489,0.835304,1.20268,11,3,8,0.479633,0.998706,0.19124,0.917517,1797.38
2760,2.57773,0.00093396,19.9051,1.11533e-11,0.163654,0.19448,0.836968,1.20439,11,3,8,0.479275,1.0005,0.191266,0.917564,1797.33
2770,2.58707,0.00093396,19.9112,8.36664e-12,0.154135,0.194472,0.83863,1.20612,11,3,8,0.478865,1.00229,0.191296,0.917496,1797.29
2780,2.59641,0.00093396,19.9175,4.22062e-11,0.129335,0.194466,0.84029,1.20786,10,3,8,0.478548,1.00408,0.191329,0.917496,1797.24
2790,2.60575,0.00093396,19.9241,7.1454e-12,0.132613,0.194462,0.841956,1.20961,11,3,8,0.478355,1.00588,0.191363,0.917809,1797.18
2800,2.61509,0.00093396,19.9311,8.78631e-12,0.157066,0.19446,0.843631,1.21137,11,3,8,0.478121,1.00767,0.191398,0.918255,1797.13
2810,2.62443,0.00093396,19.9383,1.39289e-11,0.162504,0.194458,0.845314,1.2131,11,3,8,0.477842,1.00947,0.191434,0.918596,1797.09
2820,2.63377,0.00093396,19.9459,2.05924e-11,0.158207,0.194452,0.847003,1.2148,11,3,8,0.477518,1.01126,0.191472,0.918764,1797.04
2830,2.64311,0.00093396,19.9539,1.49125e-11,0.147255,0.194442,0.848698,1.21651,11,3,8,0.477145,1.01306,0.191515,0.918728,1797.01
2840,2.65245,0.00093396,19.9621,1.20117e-11,0.125301,0.194433,0.850394,1.21824,11,3,8,0.476875,1.01485,0.19156,0.918594,1796.97
2850,2.66179,0.00093396,19.9705,2.12781e-11,0.127795,0.194428,0.852088,1.21998,11,3,8,0.476718,1.01665,0.191606,0.918765,1796.93
2860,2.67113,0.00093396,19.9793,1.93898e-11,0.152167,0.194426,0.853786,1.22173,11,3,8,0.476521,1.01844,0.191652,0.91914,1796.89
2870,2.68047,0.00093396,19.9882,4.68101e-11,0.157357,0.194425,0.855492,1.22349,10,3,8,0.476282,1.02024,0.191699,0.919464,1796.86
2880,2.68981,0.00093396,19.9975,5.34239e-12,0.158615,0.194423,0.857206,1.22523,11,3,8,0.475998,1.02204,0.191746,0.9197,1796.82
2890,2.69915,0.00093396,20.007,3.82139e-12,0.152888,0.194416,0.858927,1.22694,11,3,8,0.475668,1.02384,0.191797,0.919749,1796.8
2900,2.70848,0.00093396,20.0169,3.77964e-12,0.130995,0.194406,0.860655,1.22865,11,3,8,0.475432,1.02564,0.191851,0.919624,1796.77
2910,2.71782,0.00093396,20.0271,5.48361e-12,0.119596,0.194397,0.862385,1.23037,11,3,8,0.475317,1.02743,0.191906,0.919565,1796.75
2920,2.72716,0.00093396,20.0374,3.92841e-11,0.1451,0.194394,0.864115,1.23211,10,3,8,0.475162,1.02923,0.19196,0.919838,1796.72
2930,2.7365,0.00093396,20.0479,4.42535e-12,0.15265,0.194392,0.865846,1.23387,11,3,8,0.474967,1.03103,0.192013,0.920161,1796.7
2940,2.74584,0.00093396,20.0587,4.56746e-12,0.156566,0.194391,0.867585,1.23563,11,3,8,0.47473,1.03283,0.192067,0.920372,1796.67
2950,2.75518,0.00093396,20.0697,1.07461e-11,0.158112,0.194388,0.869332,1.23738,11,3,8,0.474448,1.03463,0.192122,0.920534,1796.65
2960,2.76452,0.00093396,20.0809,5.03775e-11,0.144298,0.194381,0.871086,1.2391,10,3,8,0.474227,1.03644,0.192181,0.920454,1796.64
2970,2.77386,0.00093396,20.0925,5.90061e-12,0.114275,0.194371,0.872847,1.2408,11,3,8,0.474158,1.03824,0.192241,0.920328,1796.63
2980,2.7832,0.00093396,20.1043,1.56635e-11,0.134677,0.194363,0.874611,1.24253,11,3,8,0.474051,1.04004,0.192301,0.920351,1796.62
2990,2.79254,0.00093396,20.1161,9.61942e-12,0.147734,0.19436,0.876375,1.24427,11,3,8,0.473904,1.04184,0.192357,0.920629,1796.6
3000,2.80188,0.00093396,20.1282,3.56937e-11,0.150936,0.194359,0.87814,1.24603,10,3,8,0.473717,1.04364,0.192414,0.920893,1796.59
3010,2.81122,0.00093396,20.1404,4.23896e-11,0.159444,0.194357,0.879912,1.24779,10,3,8,0.473487,1.04545,0.192472,0.921016,1796.58
3020,2.82056,0.00093396,20.1528,3.99347e-12,0.154704,0.194353,0.881692,1.24955,11,3,8,0.473263,1.04726,0.192532,0.921085,1796.57
3030,2.8299,0.00093396,20.1655,3.91145e-11,0.134031,0.194346,0.883478,1.25128,10,3,8,0.473243,1.04906,0.192594,0.920902,1796.57
3040,2.83924,0.00093396,20.1784,3.37641e-11,0.121243,0.194337,0.885271,1.25299,10,3,8,0.473186,1.05087,0.192655,0.92083,1796.57
3050,2.84858,0.00093396,20.1914,4.02733e-11,0.141112,0.19433,0.887067,1.25472,10,3,8,0.473091,1.05267,0.192714,0.920898,1796.57
3060,2.85792,0.00093396,20.2045,4.98268e-12,0.143929,0.194328,0.888863,1.25646,11,3,8,0.472955,1.05448,0.192771,0.921153,1796.56
3070,2.86726,0.00093396,20.2177,4.65739e-12,0.15582,0.194326,0.89066,1.25822,11,3,8,0.47278,1.05628,0.192828,0.921353,1796.56
3080,2.8766,0.00093396,20.2311,8.28715e-12,0.159901,0.194323,0.892463,1.25999,11,3,8,0.472564,1.05809,0.192886,0.921402,1796.56
3090,2.88594,0.00093396,20.2447,8.49543e-12,0.15078,0.194317,0.894273,1.26176,11,3,8,0.472565,1.0599,0.192946,0.921359,1796.57
3100,2.89528,0.00093396,20.2584,1.16627e-11,0.125032,0.194311,0.896089,1.2635,11,3,8,0.472559,1.06171,0.193007,0.921139,1796.57
3110,2.90462,0.00093396,20.2722,2.41802e-11,0.129847,0.194303,0.897911,1.26521,11,3,8,0.472518,1.06352,0.193066,0.921115,1796.58
3120,2.91396,0.00093396,20.2861,1.95057e-11,0.14113,0.194297,0.899736,1.26694,11,3,8,0.472436,1.06533,0.193121,0.921209,1796.59
3130,2.9233,0.00093396,20.3001,5.82534e-12,0.146018,0.194295,0.90156,1.26869,11,3,8,0.472318,1.06714,0.193175,0.921438,1796.59
3140,2.93264,0.00093396,20.3142,6.50302e-12,0.158323,0.194292,0.903386,1.27045,11,3,8,0.472156,1.06895,0.193229,0.92156,1796.6
3150,2.94197,0.00093396,20.3283,1.04099e-11,0.159394,0.194288,0.905217,1.27223,11,3,8,0.472111,1.07076,0.193284,0.921528,1796.61
3160,2.95131,0.00093396,20.3426,8.71747e-12,0.147137,0.194282,0.907055,1.274,11,3,8,0.472159,1.07258,0.193341,0.921379,1796.62
3170,2.96065,0.00093396,20.3569,9.53326e-12,0.118906,0.194276,0.908898,1.27575,11,3,8,0.472171,1.07439,0.193398,0.921172,1796.64
3180,2.96999,0.00093396,20.3714,1.15548e-11,0.13425,0.194269,0.910746,1.27748,11,3,8,0.472145,1.07621,0.193451,0.921187,1796.65
3190,2.97933,0.00093396,20.3859,6.31273e-12,0.139781,0.194264,0.912595,1.27921,11,3,8,0.472081,1.07802,0.193501,0.921294,1796.67
3200,2.98867,0.00093396,20.4004,5.05151e-12,0.148834,0.194262,0.914443,1.28096,11,3,8,0.471978,1.07983,0.193549,0.921485,1796.68
3210,2.99801,0.00093396,20.4149,9.68048e-12,0.159498,0.194258,0.916294,1.28273,11,3,8,0.471865,1.08164,0.193597,0.921538,1796.69
3213,3,0.000119666,20.418,1.0999e-11,0.0576601,0.194257,0.916688,1.28311,11,2,9,0.471888,1.08203,0.193606,0.921508,1798.98
