step,time,dt,kinetic_energy,max_div_mac,max_div_nodal,mac_iters,visc_iters,nodal_iters,umax,max_dudt,rms_dudt
0,0,0,0,1.47571e-12,0,9,4,6,0,0,0
20,0.104167,0.00520833,0.00259915,3.57181e-12,2.36751,9,3,6,0.673429,2.44267,0.321449
40,0.208333,0.00520833,0.0040492,7.73248e-12,2.71612,9,3,6,0.777385,1.42188,0.182575
60,0.3125,0.00520833,0.00504755,1.09477e-11,3.03034,9,3,6,0.818583,1.2007,0.137247
80,0.416667,0.00520833,0.00584809,8.56382e-12,3.07187,9,3,6,0.84648,1.05078,0.114669
100,0.520833,0.00520833,0.00653118,5.93126e-12,3.1231,9,3,6,0.866,0.922084,0.102195
120,0.625,0.00520833,0.00713143,5.01466e-12,3.11433,9,3,6,0.879906,0.84314,0.0945497
140,0.729167,0.00520833,0.00767002,4.52438e-12,3.10443,9,3,6,0.890228,0.774306,0.0895967
160,0.833333,0.00520833,0.00816126,4.81748e-12,3.09809,9,3,6,0.898118,0.730843,0.0862115
180,0.9375,0.00520833,0.00861662,4.73488e-12,3.09153,9,3,6,0.904297,0.660835,0.0837958
200,1.04167,0.00520833,0.00904032,6.02718e-12,3.07695,9,3,6,0.909136,0.624066,0.0819763
220,1.14583,0.00520833,0.00943812,6.53877e-12,3.05985,9,3,6,0.912935,0.592673,0.0804994
240,1.25,0.00520833,0.00981362,6.0485e-12,3.04961,9,3,6,0.915907,0.584605,0.0792183
260,1.35417,0.00520833,0.0101702,6.08757e-12,3.04158,9,3,6,0.91833,0.559787,0.0780252
280,1.45833,0.00520833,0.0105108,6.00586e-12,3.03529,9,3,6,0.920095,0.544653,0.0768756
300,1.5625,0.00520833,0.0108373,6.33626e-12,3.03043,9,3,6,0.921428,0.527007,0.0757358
320,1.66667,0.00520833,0.0111518,6.43396e-12,3.02671,9,3,6,0.922342,0.50107,0.0745804
340,1.77083,0.00520833,0.0114556,6.05915e-12,3.02392,9,3,6,0.922929,0.487747,0.0734201
360,1.875,0.00520833,0.0117504,6.13021e-12,3.02194,9,3,6,0.92322,0.472118,0.0722418
380,1.97917,0.00520833,0.0120374,6.03784e-12,3.02045,9,3,6,0.923352,0.453135,0.0710683
400,2.08333,0.00520833,0.0123172,5.59019e-12,3.01926,9,3,6,0.923262,0.434526,0.0698948
420,2.1875,0.00520833,0.0125908,5.97922e-12,3.01851,9,3,6,0.923135,0.416385,0.0687135
440,2.29167,0.00520833,0.0128583,5.71454e-12,3.01781,9,3,6,0.922908,0.400552,0.0675875
460,2.39583,0.00520833,0.0131211,5.61151e-12,3.01744,9,3,6,0.922598,0.387556,0.0664933
480,2.5,0.00520833,0.0133797,5.77494e-12,3.01586,9,3,6,0.922339,0.373272,0.0651844
500,2.60417,0.00520833,0.0136342,5.62927e-12,2.98378,9,3,6,0.922029,1.19788,0.0663254
520,2.70833,0.00520833,0.0138854,5.59197e-12,3.01742,9,3,6,0.921687,0.346421,0.062955
540,2.8125,0.00520833,0.0141334,5.64171e-12,3.01663,9,3,6,0.921404,0.332827,0.0616467
560,2.91667,0.00520833,0.0143783,5.84688e-12,3.01616,9,3,6,0.921107,0.320091,0.0604833
580,3.02083,0.00520833,0.0146206,5.5822e-12,3.0165,9,3,6,0.920797,0.308752,0.0593377
600,3.125,0.00520833,0.0148604,5.39835e-12,3.0168,9,3,6,0.920503,0.298639,0.0581931
620,3.22917,0.00520833,0.015098,5.51026e-12,3.01709,9,3,6,0.920246,0.288246,0.0570744
640,3.33333,0.00520833,0.0153335,5.55822e-12,3.01735,9,3,6,0.919987,0.278443,0.0559822
660,3.4375,0.00520833,0.015567,5.52181e-12,3.01761,9,3,6,0.919727,0.268171,0.05491
680,3.54167,0.00520833,0.0157986,5.56177e-12,3.01784,9,3,6,0.919472,0.257923,0.0538554
700,3.64583,0.00520833,0.0160285,5.64349e-12,3.01805,9,3,6,0.919263,0.248809,0.0528318
720,3.75,0.00520833,0.0162568,5.57154e-12,3.01825,9,3,6,0.919056,0.24123,0.0518314
740,3.85417,0.00520833,0.0164835,5.50049e-12,3.01842,9,3,6,0.918853,0.233186,0.0508551
760,3.95833,0.00520833,0.0167087,5.43832e-12,3.01859,9,3,6,0.918656,0.224698,0.0499024
780,4.0625,0.00520833,0.0169325,5.47296e-12,3.01873,9,3,6,0.918464,0.217509,0.0489787
800,4.16667,0.00520833,0.017155,5.53957e-12,3.01886,9,3,6,0.918303,0.211184,0.048074
820,4.27083,0.00520833,0.0173763,5.59108e-12,3.01897,9,3,6,0.918152,0.204004,0.0471947
840,4.375,0.00520833,0.0175963,5.52447e-12,3.01907,9,3,6,0.918005,0.197437,0.0463429
860,4.47917,0.00520833,0.017815,5.36104e-12,3.01915,9,3,6,0.917864,0.192078,0.045509
880,4.58333,0.00520833,0.0180327,5.38236e-12,3.01923,9,3,6,0.917728,0.185792,0.044699
900,4.6875,0.00520833,0.0182492,5.54845e-12,3.01929,9,3,6,0.917597,0.180387,0.0439098
920,4.79167,0.00520833,0.0184647,5.55289e-12,3.01935,9,3,6,0.917481,0.175488,0.0431429
940,4.89583,0.00520833,0.0186791,5.62217e-12,3.01939,9,3,6,0.917381,0.169665,0.0423958
960,5,0.00520833,0.0188925,5.54223e-12,3.01943,9,3,6,0.917285,0.165643,0.0416686
980,5.10417,0.00520833,0.0191049,5.42766e-12,3.01946,9,3,6,0.917193,0.160787,0.0409607
1000,5.20833,0.00520833,0.0193163,5.51825e-12,3.01948,9,3,6,0.917105,0.156643,0.0402707
1020,5.3125,0.00520833,0.0195267,5.66835e-12,3.0195,9,3,6,0.917022,0.152342,0.0395985
1040,5.41667,0.00520833,0.0197362,5.72342e-12,3.01951,9,3,6,0.916942,0.148258,0.0389434
1060,5.52083,0.00520833,0.0199448,5.75806e-12,3.01951,9,3,6,0.916866,0.144604,0.038305
1080,5.625,0.00520833,0.0201524,5.68079e-12,3.01951,9,3,6,0.916803,0.140703,0.0376843
1100,5.72917,0.00520833,0.0203592,5.68079e-12,3.0195,9,3,6,0.916748,0.137325,0.0370766
1120,5.83333,0.00520833,0.020565,5.58043e-12,3.01948,9,3,6,0.916696,0.133707,0.0364852
1140,5.9375,0.00520833,0.02077,5.6195e-12,3.01946,9,3,6,0.916647,0.130586,0.0359071
1160,6.04167,0.00520833,0.0209741,5.78471e-12,3.01945,9,3,6,0.9166,0.127281,0.0353443
1180,6.14583,0.00520833,0.0211773,5.79892e-12,3.01942,9,3,6,0.916556,0.124343,0.0347933
1200,6.25,0.00520833,0.0213796,5.7403e-12,3.01939,9,3,6,0.916515,0.121365,0.0342573
1220,6.35417,0.00520833,0.0215811,5.75273e-12,3.01936,9,3,6,0.916476,0.118374,0.0337321
1240,6.45833,0.00520833,0.0217818,5.69145e-12,3.01933,9,3,6,0.91644,0.115763,0.0332195
1260,6.5625,0.00520833,0.0219816,5.5369e-12,3.01929,9,3,6,0.916411,0.112835,0.032717
1280,6.66667,0.00520833,0.0221806,5.50049e-12,3.01926,9,3,6,0.916389,0.110575,0.0322263
1300,6.77083,0.00520833,0.0223787,5.57687e-12,3.01922,9,3,6,0.91637,0.107811,0.0317473
1320,6.875,0.00520833,0.0225758,6.22435e-12,3.01314,9,3,6,0.916352,0.63365,0.0324386
1340,6.97917,0.00520833,0.0227724,5.65148e-12,3.01981,9,3,6,0.916336,0.17684,0.0309122
1360,7.08333,0.00520833,0.0229678,5.68967e-12,2.98668,9,3,6,0.916322,1.16692,0.0347238
1380,7.1875,0.00520833,0.0231628,5.68434e-12,3.01954,9,3,6,0.91631,0.300854,0.0302075
1400,7.29167,0.00520833,0.0233567,6.09202e-12,3.01253,9,3,6,0.916299,0.636583,0.0307234
1420,7.39583,0.00520833,0.0235498,6.05116e-12,3.01218,9,3,6,0.91629,0.6361,0.0303128
1440,7.5,0.00520833,0.0237422,6.03517e-12,3.01215,9,3,6,0.916283,0.636009,0.0299121
1460,7.60417,0.00520833,0.0239337,5.96057e-12,3.0121,9,3,6,0.916281,0.635923,0.0295204
1480,7.70833,0.00520833,0.0241245,5.93126e-12,3.01205,9,3,6,0.916286,0.635836,0.0291362
1500,7.8125,0.00520833,0.0243144,6.00853e-12,3.012,9,3,6,0.916292,0.635749,0.0287583
1520,7.91667,0.00520833,0.0245035,6.01386e-12,3.01194,9,3,6,0.916301,0.63566,0.0283886
1540,8.02083,0.00520833,0.0246918,6.01208e-12,3.01189,9,3,6,0.91631,0.635571,0.0280248
1560,8.125,0.00520833,0.0248793,5.96057e-12,3.01183,9,3,6,0.916321,0.635481,0.0276677
1580,8.22917,0.00520833,0.025066,5.93925e-12,3.01177,9,3,6,0.916334,0.635391,0.0273176
1600,8.33333,0.00520833,0.0252519,5.91793e-12,3.01171,9,3,6,0.916349,0.635299,0.026973
1620,8.4375,0.00520833,0.025437,5.86464e-12,3.01165,9,3,6,0.916364,0.635207,0.0266342
1640,8.54167,0.00520833,0.0256213,5.82734e-12,3.01159,9,3,6,0.916382,0.635114,0.0263007
1660,8.64583,0.00520833,0.0258047,5.77138e-12,3.01153,9,3,6,0.916401,0.63502,0.0259734
1680,8.75,0.00520833,0.0259874,5.69678e-12,3.01147,9,3,6,0.91643,0.634925,0.0256515
1700,8.85417,0.00520833,0.0261692,5.66569e-12,3.0114,9,3,6,0.91646,0.634829,0.0253351
1720,8.95833,0.00520833,0.0263502,5.71809e-12,3.01133,9,3,6,0.916493,0.634732,0.0250237
1740,9.0625,0.00520833,0.0265303,5.74474e-12,3.01127,9,3,6,0.916526,0.634634,0.0247173
1760,9.16667,0.00520833,0.0267097,5.7554e-12,3.0112,9,3,6,0.916562,0.634535,0.0244155
1780,9.27083,0.00520833,0.0268882,5.80691e-12,3.01113,9,3,6,0.916598,0.634436,0.0241181
1800,9.375,0.00520833,0.0270659,5.77938e-12,3.01106,9,3,6,0.916637,0.634334,0.023826
1820,9.47917,0.00520833,0.0272427,5.73408e-12,3.01099,9,3,6,0.916677,0.634232,0.0235386
1840,9.58333,0.00520833,0.0274187,5.70211e-12,3.01091,9,3,6,0.916718,0.634129,0.0232553
1860,9.6875,0.00520833,0.0275939,5.68612e-12,3.01084,9,3,6,0.916761,0.634024,0.0229768
1880,9.79167,0.00520833,0.0277682,5.68079e-12,3.01076,9,3,6,0.916812,0.633919,0.0227026
1900,9.89583,0.00520833,0.0279416,5.73142e-12,3.01069,9,3,6,0.916866,0.633812,0.0224325
1920,10,0.00520833,0.0281141,5.64881e-12,3.01061,9,3,6,0.916921,0.633704,0.0221669
1940,10.1042,0.00520833,0.0282858,5.56888e-12,3.01053,9,3,6,0.916978,0.633595,0.0219055
1960,10.2083,0.00520833,0.0284566,5.5369e-12,3.01045,9,3,6,0.917036,0.633485,0.0216484
1980,10.3125,0.00520833,0.0286265,5.54223e-12,3.01037,9,3,6,0.917096,0.633373,0.0213956
2000,10.4167,0.00520833,0.0287954,5.59019e-12,3.01028,9,3,6,0.917157,0.633261,0.0211469
2020,10.5208,0.00520833,0.0289635,5.61506e-12,3.0102,9,3,6,0.91722,0.633148,0.0209019
2040,10.625,0.00520833,0.0291306,5.60441e-12,3.01012,9,3,6,0.917283,0.633033,0.0206613
2060,10.7292,0.00520833,0.0292968,5.58753e-12,3.01003,9,3,6,0.917348,0.632918,0.0204245
2080,10.8333,0.00520833,0.0294621,5.56977e-12,3.00995,9,3,6,0.917414,0.632802,0.0201915
2100,10.9375,0.00520833,0.0296264,5.53424e-12,3.00986,9,3,6,0.917489,0.632696,0.0199627
2120,11.0417,0.00520833,0.0297897,5.52447e-12,3.00977,9,3,6,0.917564,0.632561,0.0197378
2140,11.1458,0.00520833,0.0299521,5.55112e-12,3.00968,9,3,6,0.91764,0.63244,0.0195166
2160,11.25,0.00520833,0.0301135,5.54046e-12,3.00959,9,3,6,0.917716,0.632315,0.0192994
2180,11.3542,0.00520833,0.0302739,5.51292e-12,3.0095,9,3,6,0.917794,0.632193,0.0190861
2200,11.4583,0.00520833,0.0304332,5.4543e-12,3.00941,9,3,6,0.917872,0.632071,0.0188765
2220,11.5625,0.00520833,0.0305916,5.41522e-12,3.00932,9,3,6,0.917951,0.63195,0.0186706
2240,11.6667,0.00520833,0.0307489,5.43565e-12,3.00923,9,3,6,0.918031,0.631829,0.0184684
2260,11.7708,0.00520833,0.0309051,5.47029e-12,3.00914,9,3,6,0.918111,0.631707,0.0182701
2280,11.875,0.00520833,0.0310603,5.53246e-12,3.00905,9,3,6,0.918192,0.631585,0.0180756
2300,11.9792,0.00520833,0.0312144,5.58487e-12,3.00896,9,3,6,0.918272,0.631463,0.0178847
2320,12.0833,0.00520833,0.0313674,5.59641e-12,3.00887,9,3,6,0.918357,0.631341,0.0176974
2340,12.1875,0.00520833,0.0315193,5.59375e-12,3.00878,9,3,6,0.918445,0.631218,0.0175138
2360,12.2917,0.00520833,0.0316702,5.60352e-12,3.0087,9,3,6,0.918532,0.631091,0.0173336
2380,12.3958,0.00520833,0.0318199,5.22604e-12,3.01505,9,3,6,0.91862,0.3191,0.0155482
2400,12.5,0.00520833,0.0319683,5.60441e-12,3.00767,9,3,6,0.918707,0.636682,0.0170068
2420,12.6042,0.00520833,0.0321156,5.21716e-12,2.98213,9,3,6,0.918794,1.11421,0.0215373
2440,12.7083,0.00520833,0.032262,5.2065e-12,3.0147,9,3,6,0.918881,0.193188,0.01459
2460,12.8125,0.00520833,0.032407,5.23137e-12,3.01493,9,3,6,0.918967,0.345031,0.0149693
2480,12.9167,0.00520833,0.0325509,5.6577e-12,3.00832,9,3,6,0.919053,0.682966,0.016745
2500,13.0208,0.00520833,0.0326935,5.22604e-12,2.9823,9,3,6,0.919138,1.06229,0.0203868
2520,13.125,0.00520833,0.0328352,5.22782e-12,3.01406,9,3,6,0.919223,0.318333,0.014275
2540,13.2292,0.00520833,0.0329755,5.64171e-12,3.00709,9,3,6,0.919306,0.635838,0.015886
2560,13.3333,0.00520833,0.0331145,5.21183e-12,2.98158,9,3,6,0.919389,1.1129,0.0206804
2580,13.4375,0.00520833,0.0332526,5.19051e-12,3.01412,9,3,6,0.919472,0.193078,0.0133527
2600,13.5417,0.00520833,0.0333892,5.1994e-12,3.01433,9,3,6,0.919556,0.344636,0.0138007
2620,13.6458,0.00520833,0.0335245,5.19584e-12,3.01397,9,3,6,0.919642,0.344382,0.0136413
2640,13.75,0.00520833,0.0336584,5.17986e-12,2.981,9,3,6,0.919727,1.04483,0.0193636
2660,13.8542,0.00520833,0.0337915,5.18341e-12,3.01301,9,3,6,0.919811,0.35085,0.0133876
2680,13.9583,0.00520833,0.033923,5.50848e-12,3.00645,9,3,6,0.919894,0.693502,0.0154233
2700,14.0625,0.00520833,0.0340533,5.17453e-12,2.98051,9,3,6,0.919976,1.04428,0.0190556
2720,14.1667,0.00520833,0.0341826,5.18519e-12,3.01281,9,3,6,0.920057,0.350686,0.012952
2740,14.2708,0.00520833,0.0343103,5.4623e-12,3.00622,9,3,6,0.920136,0.69317,0.0150551
2760,14.375,0.00520833,0.0344367,5.15321e-12,2.9803,9,3,6,0.920215,1.04379,0.0187638
2780,14.4792,0.00520833,0.0345622,5.15143e-12,3.01258,9,3,6,0.920292,0.350537,0.0125368
2800,14.5833,0.00520833,0.0346861,5.40368e-12,3.006,9,3,6,0.920368,0.692852,0.0147068
2820,14.6875,0.00520833,0.0348087,5.15143e-12,2.98009,9,3,6,0.920443,1.04333,0.0184896
2840,14.7917,0.00520833,0.0349303,5.16209e-12,3.01237,9,3,6,0.920517,0.350394,0.0121397
2860,14.8958,0.00520833,0.0350503,5.45519e-12,3.00579,9,3,6,0.920589,0.692548,0.0143763
2880,15,0.00520833,0.035169,5.1692e-12,2.9799,9,3,6,0.92066,1.04288,0.0182315
2900,15.1042,0.00520833,0.0352867,5.18519e-12,3.01216,9,3,6,0.920731,0.350259,0.0117589
2920,15.2083,0.00520833,0.0354029,5.51559e-12,3.00559,9,3,6,0.9208,0.69226,0.0140619
2940,15.3125,0.00520833,0.0355178,5.17986e-12,2.97971,9,3,6,0.920867,1.04246,0.0179878
2960,15.4167,0.00520833,0.0356316,5.19407e-12,3.01196,9,3,6,0.920935,0.35013,0.0113926
2980,15.5208,0.00520833,0.0357439,5.5298e-12,3.00539,9,3,6,0.921001,0.691986,0.0137624
3000,15.625,0.00520833,0.0358549,5.19051e-12,2.97954,9,3,6,0.921069,1.04206,0.0177574
3020,15.7292,0.00520833,0.0359649,5.19584e-12,3.01178,9,3,6,0.921137,0.350008,0.0110396
3040,15.8333,0.00520833,0.0360734,5.55023e-12,3.00521,9,3,6,0.921204,0.691726,0.0134763
3060,15.9375,0.00520833,0.0361805,5.19051e-12,2.97937,9,3,6,0.92127,1.04168,0.0175389
3080,16.0417,0.00520833,0.0362867,5.19051e-12,3.0116,9,3,6,0.921335,0.349892,0.0106986
3100,16.1458,0.00520833,0.0363913,5.55023e-12,3.00504,9,3,6,0.921399,0.69148,0.0132029
3120,16.25,0.00520833,0.0364947,5.19584e-12,2.97921,9,3,6,0.921462,1.04133,0.017332
3140,16.3542,0.00520833,0.0365971,5.20117e-12,3.01143,9,3,6,0.921524,0.349782,0.0103694
3160,16.4583,0.00520833,0.036698,5.54756e-12,3.00487,9,3,6,0.921585,0.691246,0.0129417
3180,16.5625,0.00520833,0.0367976,5.19051e-12,2.97906,9,3,6,0.921646,1.04098,0.0171358
3200,16.6667,0.00520833,0.0368962,5.19584e-12,3.01127,9,3,6,0.921706,0.349677,0.0100509
3220,16.7708,0.00520833,0.0369934,5.53513e-12,3.00471,9,3,6,0.921765,0.691022,0.0126919
3240,16.875,0.00520833,0.0370893,5.18341e-12,2.97891,9,3,6,0.921823,1.04066,0.0169497
3260,16.9792,0.00520833,0.0371843,5.20117e-12,3.01112,9,3,6,0.921881,0.349577,0.00974307
3280,17.0833,0.00520833,0.0372778,5.5449e-12,3.00456,9,3,6,0.921938,0.690808,0.0124532
3300,17.1875,0.00520833,0.0373701,5.18874e-12,2.97877,9,3,6,0.921995,1.04034,0.0167737
3320,17.2917,0.00520833,0.0374614,5.19407e-12,3.01097,9,3,6,0.922051,0.349481,0.00944612
3340,17.3958,0.00520833,0.0375513,5.52891e-12,3.00441,9,3,6,0.922106,0.690603,0.012226
3360,17.5,0.00520833,0.03764,5.18874e-12,2.97864,9,3,6,0.922161,1.04005,0.0166073
3380,17.6042,0.00520833,0.0377278,5.19051e-12,3.01083,9,3,6,0.922215,0.349388,0.00916005
3400,17.7083,0.00520833,0.0378142,5.51292e-12,3.00427,9,3,6,0.922269,0.690406,0.0120101
3420,17.8125,0.00520833,0.0378994,5.17986e-12,2.97851,9,3,6,0.922322,1.03976,0.0164508
3440,17.9167,0.00520833,0.0379838,5.19584e-12,3.01069,9,3,6,0.922376,0.349299,0.00888559
3460,18.0208,0.00520833,0.0380667,5.52092e-12,3.00414,9,3,6,0.922428,0.690215,0.0118057
3480,18.125,0.00520833,0.0381484,5.18519e-12,2.97839,9,3,6,0.92248,1.03948,0.0163039
3500,18.2292,0.00520833,0.0382294,5.19584e-12,3.01056,9,3,6,0.922532,0.349212,0.00862315
3520,18.3333,0.00520833,0.0383089,5.53246e-12,3.00401,9,3,6,0.922583,0.690029,0.0116132
3540,18.4375,0.00520833,0.0383873,5.18341e-12,2.97827,9,3,6,0.922637,1.0392,0.0161667
3560,18.5417,0.00520833,0.0384649,5.19407e-12,3.01043,9,3,6,0.92269,0.349128,0.00837326
3580,18.6458,0.00520833,0.0385412,5.51825e-12,3.00388,9,3,6,0.922743,0.689849,0.0114323
3600,18.75,0.00520833,0.0386163,5.17808e-12,2.97815,9,3,6,0.922795,1.03894,0.0160389
3620,18.8542,0.00520833,0.0386906,5.18519e-12,3.01031,9,3,6,0.922847,0.349046,0.00813614
3640,18.9583,0.00520833,0.0387636,5.51559e-12,3.00376,9,3,6,0.922898,0.689674,0.0112632
3660,19.0625,0.00520833,0.0388356,5.17986e-12,2.97804,9,3,6,0.922949,1.03868,0.0159203
3680,19.1667,0.00520833,0.0389068,5.18874e-12,3.01019,9,3,6,0.923,0.348966,0.00791217
3700,19.2708,0.00520833,0.0389766,5.53957e-12,3.00364,9,3,6,0.92305,0.689504,0.0111058
3720,19.375,0.00520833,0.0390454,5.17986e-12,2.97793,9,3,6,0.923099,1.03844,0.0158108
3740,19.4792,0.00520833,0.0391135,5.19051e-12,3.01007,9,3,6,0.923148,0.348889,0.0077015
3760,19.5833,0.00520833,0.0391803,5.55378e-12,3.00352,9,3,6,0.923197,0.689339,0.0109598
3780,19.6875,0.00520833,0.0392461,5.19051e-12,2.97782,9,3,6,0.923244,1.03819,0.0157099
3800,19.7917,0.00520833,0.0393112,5.20117e-12,3.00996,9,3,6,0.923292,0.348814,0.00750413
3820,19.8958,0.00520833,0.039375,5.58753e-12,3.00341,9,3,6,0.923339,0.689179,0.010825
3840,20,0.00520833,0.0394378,5.20473e-12,2.97772,9,3,6,0.923385,1.03796,0.0156173
3860,20.1042,0.00520833,0.0395,5.21183e-12,3.00986,9,3,6,0.923431,0.348742,0.00732011
3880,20.2083,0.00520833,0.0395609,5.61151e-12,3.00331,9,3,6,0.923476,0.689024,0.0107011
3900,20.3125,0.00520833,0.0396209,5.21005e-12,2.97763,9,3,6,0.92352,1.03773,0.0155328
3920,20.4167,0.00520833,0.0396802,5.22249e-12,3.00975,9,3,6,0.923564,0.348672,0.00714919
3940,20.5208,0.00520833,0.0397383,5.63549e-12,3.00321,9,3,6,0.923607,0.688874,0.0105874
3960,20.625,0.00520833,0.0397955,5.21716e-12,2.97753,9,3,6,0.92365,1.03751,0.0154557
3980,20.7292,0.00520833,0.039852,5.22604e-12,3.00965,9,3,6,0.923692,0.348605,0.00699115
4000,20.8333,0.00520833,0.0399074,5.64881e-12,3.00311,9,3,6,0.923733,0.68873,0.0104837
4020,20.9375,0.00520833,0.0399619,5.21538e-12,2.97744,9,3,6,0.923774,1.0373,0.0153856
4040,21.0417,0.00520833,0.0400158,5.22249e-12,3.00956,9,3,6,0.923814,0.34854,0.00684541
4060,21.1458,0.00520833,0.0400686,5.64082e-12,3.00301,9,3,6,0.923853,0.688591,0.0103892
4080,21.25,0.00520833,0.0401205,5.21716e-12,2.97736,9,3,6,0.923892,1.0371,0.0153221
4100,21.3542,0.00520833,0.0401718,5.21716e-12,3.00947,9,3,6,0.923931,0.348478,0.00671139
4120,21.4583,0.00520833,0.040222,5.64082e-12,3.00292,9,3,6,0.923968,0.688459,0.0103033
4140,21.5625,0.00520833,0.0402714,5.21183e-12,2.97727,9,3,6,0.924005,1.03691,0.0152646
4160,21.6667,0.00520833,0.0403202,5.21538e-12,3.00938,9,3,6,0.924042,0.348419,0.00658856
4180,21.7708,0.00520833,0.040368,5.60352e-12,3.00284,9,3,6,0.924078,0.688332,0.0102254
4200,21.875,0.00520833,0.040415,5.2065e-12,2.9772,9,3,6,0.924113,1.03673,0.0152125
4220,21.9792,0.00520833,0.0404614,5.2065e-12,3.0093,9,3,6,0.924148,0.348363,0.00647613
4240,22.0833,0.00520833,0.0405068,5.59019e-12,3.00276,9,3,6,0.924182,0.688212,0.0101548
4260,22.1875,0.00520833,0.0405515,5.1994e-12,2.97712,9,3,6,0.924215,1.03655,0.0151655
4280,22.2917,0.00520833,0.0405956,5.20117e-12,3.00922,9,3,6,0.924249,0.348309,0.00637358
4300,22.3958,0.00520833,0.0406388,5.57421e-12,3.00268,9,3,6,0.924281,0.688096,0.010091
4320,22.5,0.00520833,0.0406812,5.19584e-12,2.97705,9,3,6,0.924313,1.03638,0.0151231
4340,22.6042,0.00520833,0.0407231,5.1994e-12,3.00914,9,3,6,0.924345,0.348258,0.00628004
4360,22.7083,0.00520833,0.0407641,5.56089e-12,3.0026,9,3,6,0.924376,0.687986,0.0100333
4380,22.8125,0.00520833,0.0408043,5.19584e-12,2.97698,9,3,6,0.924406,1.03622,0.0150848
4400,22.9167,0.00520833,0.0408442,5.1994e-12,3.00907,9,3,6,0.924437,0.348209,0.00619495
4420,23.0208,0.00520833,0.0408831,5.56177e-12,3.00253,9,3,6,0.924466,0.687882,0.00998123
4440,23.125,0.00520833,0.0409213,5.18519e-12,2.97692,9,3,6,0.924495,1.03607,0.0150503
4460,23.2292,0.00520833,0.0409591,5.20117e-12,3.009,9,3,6,0.924525,0.348163,0.00611771
4480,23.3333,0.00520833,0.040996,5.56089e-12,3.00247,9,3,6,0.924554,0.687782,0.0099343
4500,23.4375,0.00520833,0.0410322,5.18874e-12,2.97685,9,3,6,0.924584,1.03592,0.0150193
4520,23.5417,0.00520833,0.0410681,5.19407e-12,3.00893,9,3,6,0.924613,0.348119,0.00604768
4540,23.6458,0.00520833,0.0411031,5.53957e-12,3.0024,9,3,6,0.924642,0.687687,0.00989203
4560,23.75,0.00520833,0.0411374,5.17986e-12,2.97679,9,3,6,0.92467,1.03579,0.0149913
4580,23.8542,0.00520833,0.0411715,5.18874e-12,3.00887,9,3,6,0.924698,0.348076,0.00598432
4600,23.9583,0.00520833,0.0412046,5.53246e-12,3.00234,9,3,6,0.924725,0.687596,0.00985402
4620,24.0625,0.00520833,0.0412372,5.17808e-12,2.97674,9,3,6,0.924753,1.03565,0.0149661
4640,24.1667,0.00520833,0.0412695,5.18874e-12,3.00881,9,3,6,0.92478,0.348035,0.00592717
4660,24.2708,0.00520833,0.0413009,5.51648e-12,3.00228,9,3,6,0.924806,0.687509,0.00981991
4680,24.375,0.00520833,0.0413318,5.17808e-12,2.97668,9,3,6,0.924832,1.03553,0.0149436
4700,24.4792,0.00520833,0.0413624,5.18341e-12,3.00875,9,3,6,0.924859,0.347996,0.00587572
4720,24.5833,0.00520833,0.0413922,5.50582e-12,3.00222,9,3,6,0.924884,0.687425,0.00978934
4740,24.6875,0.00520833,0.0414214,5.1692e-12,2.97663,9,3,6,0.92491,1.0354,0.0149233
4760,24.7917,0.00520833,0.0414504,5.17808e-12,3.0087,9,3,6,0.924935,0.347959,0.00582951
4780,24.8958,0.00520833,0.0414787,5.48717e-12,3.00217,9,3,6,0.92496,0.687344,0.009762
4800,25,0.00520833,0.0415064,5.16742e-12,2.97658,9,3,6,0.924984,1.03529,0.0149052
4820,25.1042,0.00520833,0.0415338,5.17275e-12,3.00865,9,3,6,0.925009,0.347923,0.00578813
4840,25.2083,0.00520833,0.0415606,5.48717e-12,3.00212,9,3,6,0.925032,0.687266,0.00973759
4860,25.3125,0.00520833,0.0415868,5.16209e-12,2.97653,9,3,6,0.925056,1.03517,0.014889
4880,25.4167,0.00520833,0.0416129,5.1692e-12,3.00859,9,3,6,0.92508,0.347888,0.00575119
4900,25.5208,0.00520833,0.0416382,5.46763e-12,3.00207,9,3,6,0.925103,0.687191,0.00971587
4920,25.625,0.00520833,0.041663,5.15854e-12,2.97649,9,3,6,0.925125,1.03506,0.0148745
4940,25.7292,0.00520833,0.0416877,5.1692e-12,3.00855,9,3,6,0.925148,0.347854,0.00571832
4960,25.8333,0.00520833,0.0417117,5.47029e-12,3.00202,9,3,6,0.92517,0.687119,0.00969657
4980,25.9375,0.00520833,0.0417352,5.15854e-12,2.97644,9,3,6,0.925192,1.03496,0.0148616
5000,26.0417,0.00520833,0.0417585,5.16742e-12,3.0085,9,3,6,0.925214,0.347821,0.00568915
5020,26.1458,0.00520833,0.0417812,5.46585e-12,3.00197,9,3,6,0.925235,0.687049,0.00967946
5040,26.25,0.00520833,0.0418035,5.15854e-12,2.9764,9,3,6,0.925256,1.03485,0.0148501
5060,26.3542,0.00520833,0.0418256,5.16742e-12,3.00845,9,3,6,0.925276,0.34779,0.00566334
5080,26.4583,0.00520833,0.0418471,5.46052e-12,3.00193,9,3,6,0.925297,0.686982,0.00966432
5100,26.5625,0.00520833,0.0418681,5.15321e-12,2.97636,9,3,6,0.925317,1.03476,0.0148399
5120,26.6667,0.00520833,0.0418891,5.16209e-12,3.00841,9,3,6,0.925336,0.34776,0.00564054
5140,26.7708,0.00520833,0.0419094,5.44631e-12,3.00189,9,3,6,0.925356,0.686918,0.00965096
5160,26.875,0.00520833,0.0419293,5.15321e-12,2.97632,9,3,6,0.925375,1.03466,0.0148308
5180,26.9792,0.00520833,0.0419492,5.15854e-12,3.00837,9,3,6,0.925393,0.347732,0.00562046
5200,27.0833,0.00520833,0.0419684,5.44187e-12,3.00185,9,3,6,0.925412,0.686856,0.00963917
5220,27.1875,0.00520833,0.0419872,5.15321e-12,2.97629,9,3,6,0.92543,1.03457,0.0148228
5240,27.2917,0.00520833,0.042006,5.15676e-12,3.00833,9,3,6,0.925447,0.347704,0.00560278
5260,27.3958,0.00520833,0.0420242,5.44365e-12,3.00181,9,3,6,0.925465,0.686798,0.00962877
5280,27.5,0.00520833,0.042042,5.15321e-12,2.97625,9,3,6,0.925482,1.03449,0.0148157
5300,27.6042,0.00520833,0.0420598,5.15676e-12,3.0083,9,3,6,0.925498,0.347678,0.00558724
5320,27.7083,0.00520833,0.042077,5.44453e-12,3.00177,9,3,6,0.925515,0.686742,0.00961961
5340,27.8125,0.00520833,0.0420939,5.15143e-12,2.97622,9,3,6,0.925531,1.03441,0.0148093
5360,27.9167,0.00520833,0.0421107,5.15854e-12,3.00826,9,3,6,0.925547,0.347654,0.00557359
5380,28.0208,0.00520833,0.042127,5.43565e-12,3.00174,9,3,6,0.925562,0.68669,0.00961154
5400,28.125,0.00520833,0.0421429,5.15143e-12,2.97619,9,3,6,0.925577,1.03433,0.0148037
5420,28.2292,0.00520833,0.0421588,5.15676e-12,3.00823,9,3,6,0.925592,0.347631,0.00556158
5440,28.3333,0.00520833,0.0421742,5.4392e-12,3.00171,9,3,6,0.925606,0.68664,0.00960442
5460,28.4375,0.00520833,0.0421893,5.14788e-12,2.97616,9,3,6,0.92562,1.03426,0.0147987
5480,28.5417,0.00520833,0.0422044,5.15321e-12,3.0082,9,3,6,0.925634,0.347609,0.00555103
5500,28.6458,0.00520833,0.0422189,5.43299e-12,3.00168,9,3,6,0.925648,0.686594,0.00959813
5520,28.75,0.00520833,0.0422332,5.15143e-12,2.97613,9,3,6,0.925661,1.03419,0.0147943
5540,28.8542,0.00520833,0.0422474,5.15143e-12,3.00817,9,3,6,0.925674,0.347588,0.00554174
5560,28.9583,0.00520833,0.0422612,5.42766e-12,3.00165,9,3,6,0.925687,0.68655,0.00959259
5580,29.0625,0.00520833,0.0422747,5.14788e-12,2.97611,9,3,6,0.925699,1.03413,0.0147904
5600,29.1667,0.00520833,0.0422882,5.15676e-12,3.00814,9,3,6,0.925711,0.347569,0.00553354
5620,29.2708,0.00520833,0.0423012,5.43565e-12,3.00162,9,3,6,0.925723,0.686509,0.00958766
5640,29.375,0.00520833,0.042314,5.14788e-12,2.97608,9,3,6,0.925735,1.03407,0.0147869
5660,29.4792,0.00520833,0.0423268,5.15321e-12,3.00812,9,3,6,0.925747,0.347551,0.0055263
5680,29.5833,0.00520833,0.0423391,5.42855e-12,3.0016,9,3,6,0.925758,0.68647,0.0095833
5700,29.6875,0.00520833,0.0423511,5.14788e-12,2.97606,9,3,6,0.925769,1.03401,0.0147837
5720,29.7917,0.00520833,0.0423632,5.15143e-12,3.0081,9,3,6,0.92578,0.347534,0.00551989
5740,29.8958,0.00520833,0.0423749,5.41522e-12,3.00157,9,3,6,0.92579,0.686443,0.00957958
5760,30,0.00520833,0.0423863,5.13722e-12,2.97604,9,3,6,0.925801,1.03395,0.0147808
5780,30.1042,0.00520833,0.0423978,5.15143e-12,3.00807,9,3,6,0.925811,0.347515,0.00551419
5800,30.2083,0.00520833,0.0424088,5.417e-12,3.00155,9,3,6,0.925821,0.686395,0.00957589
5820,30.3125,0.00520833,0.0424195,5.14078e-12,2.97602,9,3,6,0.925831,1.0339,0.0147782
5840,30.4167,0.00520833,0.0424304,5.14788e-12,3.00805,9,3,6,0.925841,0.3475,0.00550915
5860,30.5208,0.00520833,0.0424408,5.41167e-12,3.00153,9,3,6,0.92585,0.686362,0.00957281
5880,30.625,0.00520833,0.042451,5.14255e-12,2.976,9,3,6,0.925859,1.03385,0.014776
5900,30.7292,0.00520833,0.0424614,5.14788e-12,3.00803,9,3,6,0.925869,0.347486,0.00550469
5920,30.8333,0.00520833,0.0424712,5.41434e-12,3.00151,9,3,6,0.925878,0.686332,0.00957005
5940,30.9375,0.00520833,0.0424809,5.13722e-12,2.97598,9,3,6,0.925887,1.03381,0.0147739
5960,31.0417,0.00520833,0.0424907,5.14611e-12,3.00801,9,3,6,0.925896,0.347472,0.00550072
5980,31.1458,0.00520833,0.0425,5.41167e-12,3.00149,9,3,6,0.925904,0.686302,0.00956759
6000,31.25,0.00520833,0.0425091,5.13722e-12,2.97597,9,3,6,0.925913,1.03377,0.014772
6020,31.3542,0.00520833,0.0425184,5.14255e-12,3.008,9,3,6,0.925922,0.347459,0.0054972
6040,31.4583,0.00520833,0.0425272,5.41522e-12,3.00148,9,3,6,0.92593,0.686275,0.00956539
6060,31.5625,0.00520833,0.0425359,5.13722e-12,2.97595,9,3,6,0.925938,1.03373,0.0147704
6080,31.6667,0.00520833,0.0425447,5.14255e-12,3.00798,9,3,6,0.925946,0.347447,0.00549408
6100,31.7708,0.00520833,0.0425531,5.417e-12,3.00146,9,3,6,0.925954,0.686248,0.00956342
6120,31.875,0.00520833,0.0425613,5.14255e-12,2.97594,9,3,6,0.925962,1.03369,0.0147688
6140,31.9792,0.00520833,0.0425696,5.14788e-12,3.00796,9,3,6,0.92597,0.347435,0.00549131
6160,32.0833,0.00520833,0.0425776,5.41966e-12,3.00145,9,3,6,0.925977,0.686223,0.00956165
6180,32.1875,0.00520833,0.0425853,5.14078e-12,2.97593,9,3,6,0.925985,1.03365,0.0147674
6200,32.2917,0.00520833,0.0425933,5.14255e-12,3.00795,9,3,6,0.925992,0.347424,0.00548885
6220,32.3958,0.00520833,0.0426008,5.41789e-12,3.00143,9,3,6,0.926,0.686199,0.00956007
6240,32.5,0.00520833,0.0426082,5.13722e-12,2.97591,9,3,6,0.926007,1.03362,0.0147662
6260,32.6042,0.00520833,0.0426157,5.14788e-12,3.00794,9,3,6,0.926014,0.347413,0.00548668
6280,32.7083,0.00520833,0.0426228,5.42233e-12,3.00142,9,3,6,0.926021,0.686175,0.00955866
6300,32.8125,0.00520833,0.0426298,5.13722e-12,2.9759,9,3,6,0.926028,1.03358,0.0147651
6320,32.9167,0.00520833,0.0426369,5.14255e-12,3.00792,9,3,6,0.926035,0.347402,0.00548476
6340,33.0208,0.00520833,0.0426437,5.41522e-12,3.00141,9,3,6,0.926041,0.686153,0.0095574
6360,33.125,0.00520833,0.0426503,5.13722e-12,2.97589,9,3,6,0.926048,1.03355,0.014764
6380,33.2292,0.00520833,0.0426571,5.14255e-12,3.00791,9,3,6,0.926054,0.347393,0.00548307
6400,33.3333,0.00520833,0.0426635,5.41434e-12,3.00139,9,3,6,0.92606,0.686132,0.00955627
6420,33.4375,0.00520833,0.0426698,5.13722e-12,2.97588,9,3,6,0.926066,1.03352,0.0147631
6440,33.5417,0.00520833,0.0426763,5.14255e-12,3.0079,9,3,6,0.926073,0.347383,0.00548158
6460,33.6458,0.00520833,0.0426824,5.41522e-12,3.00138,9,3,6,0.926079,0.686112,0.00955526
6480,33.75,0.00520833,0.0426883,5.13722e-12,2.97587,9,3,6,0.926084,1.03349,0.0147622
6500,33.8542,0.00520833,0.0426945,5.14611e-12,3.00789,9,3,6,0.92609,0.347374,0.00548026
6520,33.9583,0.00520833,0.0427002,5.42233e-12,3.00137,9,3,6,0.926096,0.686093,0.00955436
6540,34.0625,0.00520833,0.0427059,5.13545e-12,2.97586,9,3,6,0.926101,1.03346,0.0147615
6560,34.1667,0.00520833,0.0427117,5.14611e-12,3.00788,9,3,6,0.926106,0.347366,0.0054791
6580,34.2708,0.00520833,0.0427172,5.41256e-12,3.00136,9,3,6,0.926112,0.686075,0.00955356
6600,34.375,0.00520833,0.0427226,5.13722e-12,2.97585,9,3,6,0.926117,1.03344,0.0147608
6620,34.4792,0.00520833,0.0427281,5.14611e-12,3.00787,9,3,6,0.926122,0.347358,0.00547808
6640,34.5833,0.00520833,0.0427333,5.42233e-12,3.00135,9,3,6,0.926127,0.686058,0.00955284
6660,34.6875,0.00520833,0.0427384,5.13722e-12,2.97584,9,3,6,0.926131,1.03341,0.0147601
6680,34.7917,0.00520833,0.0427437,5.14255e-12,3.00786,9,3,6,0.926136,0.34735,0.00547718
6700,34.8958,0.00520833,0.0427486,5.42499e-12,3.00134,9,3,6,0.926141,0.686042,0.00955219
6720,35,0.00520833,0.0427534,5.13722e-12,2.97583,9,3,6,0.926145,1.03339,0.0147595
6740,35.1042,0.00520833,0.0427585,5.13722e-12,3.00785,9,3,6,0.92615,0.347343,0.00547638
6760,35.2083,0.00520833,0.0427632,5.42233e-12,3.00134,9,3,6,0.926154,0.686027,0.00955162
6780,35.3125,0.00520833,0.0427677,5.13545e-12,2.97583,9,3,6,0.926158,1.03337,0.014759
6800,35.4167,0.00520833,0.0427725,5.14255e-12,3.00784,9,3,6,0.926162,0.347337,0.00547567
6820,35.5208,0.00520833,0.042777,5.41966e-12,3.00133,9,3,6,0.926166,0.686013,0.0095511
6840,35.625,0.00520833,0.0427813,5.13722e-12,2.97582,9,3,6,0.92617,1.03335,0.0147585
6860,35.7292,0.00520833,0.0427859,5.14078e-12,3.00784,9,3,6,0.926174,0.347331,0.00547504
6880,35.8333,0.00520833,0.0427901,5.42233e-12,3.00132,9,3,6,0.926177,0.686,0.00955063
6900,35.9375,0.00520833,0.0427943,5.13722e-12,2.97581,9,3,6,0.926181,1.03333,0.0147581
6920,36.0417,0.00520833,0.0427986,5.14611e-12,3.00783,9,3,6,0.926185,0.347325,0.00547448
6940,36.1458,0.00520833,0.0428027,5.42499e-12,3.00131,9,3,6,0.926188,0.685988,0.0095502
6960,36.25,0.00520833,0.0428066,5.13722e-12,2.97581,9,3,6,0.926192,1.03331,0.0147577
6980,36.3542,0.00520833,0.0428107,5.13722e-12,3.00782,9,3,6,0.926195,0.34732,0.00547397
7000,36.4583,0.00520833,0.0428146,5.42233e-12,3.00131,9,3,6,0.926198,0.685977,0.00954982
7020,36.5625,0.00520833,0.0428183,5.14078e-12,2.9758,9,3,6,0.926202,1.03329,0.0147573
7040,36.6667,0.00520833,0.0428223,5.14078e-12,3.00782,9,3,6,0.926205,0.347315,0.00547352
7060,36.7708,0.00520833,0.0428259,5.42233e-12,3.0013,9,3,6,0.926208,0.685966,0.00954947
7080,36.875,0.00520833,0.0428295,5.13545e-12,2.9758,9,3,6,0.926211,1.03328,0.014757
7100,36.9792,0.00520833,0.0428332,5.14255e-12,3.00781,9,3,6,0.926214,0.34731,0.00547312
7120,37.0833,0.00520833,0.0428367,5.417e-12,3.0013,9,3,6,0.926217,0.685956,0.00954915
7140,37.1875,0.00520833,0.0428401,5.13722e-12,2.97579,9,3,6,0.92622,1.03326,0.0147567
7160,37.2917,0.00520833,0.0428437,5.14255e-12,3.00781,9,3,6,0.926223,0.347305,0.00547275
7180,37.3958,0.00520833,0.042847,5.42499e-12,3.00129,9,3,6,0.926226,0.685946,0.00954886
7200,37.5,0.00520833,0.0428502,5.13722e-12,2.97579,9,3,6,0.926229,1.03325,0.0147564
7220,37.6042,0.00520833,0.0428537,5.14078e-12,3.0078,9,3,6,0.926232,0.347301,0.00547242
7240,37.7083,0.00520833,0.0428568,5.42499e-12,3.00129,9,3,6,0.926235,0.685937,0.00954859
7260,37.8125,0.00520833,0.0428599,5.14078e-12,2.97578,9,3,6,0.926237,1.03323,0.0147561
7280,37.9167,0.00520833,0.0428632,5.14255e-12,3.0078,9,3,6,0.92624,0.347297,0.00547212
7300,38.0208,0.00520833,0.0428662,5.42055e-12,3.00128,9,3,6,0.926243,0.685928,0.00954834
7320,38.125,0.00520833,0.0428691,5.13545e-12,2.97578,9,3,6,0.926245,1.03322,0.0147559
7340,38.2292,0.00520833,0.0428723,5.14611e-12,3.00779,9,3,6,0.926248,0.347293,0.00547185
7360,38.3333,0.00520833,0.0428751,5.42322e-12,3.00128,9,3,6,0.926251,0.68592,0.00954811
7380,38.4375,0.00520833,0.0428779,5.13722e-12,2.97578,9,3,6,0.926253,1.03321,0.0147556
7400,38.5417,0.00520833,0.0428809,5.14078e-12,3.00779,9,3,6,0.926256,0.347289,0.0054716
7420,38.6458,0.00520833,0.0428836,5.42233e-12,3.00128,9,3,6,0.926258,0.685912,0.0095479
7440,38.75,0.00520833,0.0428863,5.13722e-12,2.97577,9,3,6,0.92626,1.0332,0.0147554
7460,38.8542,0.00520833,0.0428892,5.14255e-12,3.00779,9,3,6,0.926263,0.347285,0.00547138
7480,38.9583,0.00520833,0.0428918,5.42322e-12,3.00127,9,3,6,0.926265,0.685904,0.00954771
7500,39.0625,0.00520833,0.0428943,5.13722e-12,2.97577,9,3,6,0.926267,1.03319,0.0147552
7520,39.1667,0.00520833,0.0428971,5.14255e-12,3.00778,9,3,6,0.92627,0.347282,0.00547118
7540,39.2708,0.00520833,0.0428996,5.42233e-12,3.00127,9,3,6,0.926272,0.685897,0.00954753
7560,39.375,0.00520833,0.042902,5.14255e-12,2.97577,9,3,6,0.926274,1.03318,0.014755
7580,39.4792,0.00520833,0.0429047,5.14255e-12,3.00778,9,3,6,0.926277,0.347279,0.005471
7600,39.5833,0.00520833,0.042907,5.417e-12,3.00126,9,3,6,0.926279,0.685889,0.00954736
7620,39.6875,0.00520833,0.0429093,5.13722e-12,2.97576,9,3,6,0.926281,1.03317,0.0147548
7640,39.7917,0.00520833,0.0429119,5.14611e-12,3.00778,9,3,6,0.926283,0.347275,0.00547084
7660,39.8958,0.00520833,0.0429142,5.42233e-12,3.00126,9,3,6,0.926285,0.685883,0.00954721
7680,40,0.00520833,0.0429164,5.13545e-12,2.97576,9,3,6,0.926287,1.03316,0.0147546
7700,40.1042,0.00520833,0.0429188,5.14255e-12,3.00777,9,3,6,0.926289,0.347272,0.00547069
7720,40.2083,0.00520833,0.042921,5.42588e-12,3.00126,9,3,6,0.926291,0.685876,0.00954706
7740,40.3125,0.00520833,0.0429231,5.13189e-12,2.97576,9,3,6,0.926293,1.03315,0.0147545
7760,40.4167,0.00520833,0.0429254,5.14788e-12,3.00777,9,3,6,0.926295,0.347269,0.00547055
7780,40.5208,0.00520833,0.0429275,5.42233e-12,3.00126,9,3,6,0.926296,0.68587,0.00954693
7800,40.625,0.00520833,0.0429295,5.13722e-12,2.97576,9,3,6,0.926298,1.03314,0.0147543
7820,40.7292,0.00520833,0.0429318,5.13722e-12,3.00777,9,3,6,0.9263,0.347267,0.00547043
7840,40.8333,0.00520833,0.0429338,5.42233e-12,3.00125,9,3,6,0.926302,0.685864,0.00954681
7860,40.9375,0.00520833,0.0429357,5.13545e-12,2.97575,9,3,6,0.926303,1.03313,0.0147542
7880,41.0417,0.00520833,0.0429379,5.13722e-12,3.00776,9,3,6,0.926305,0.347264,0.00547032
7900,41.1458,0.00520833,0.0429397,5.42233e-12,3.00125,9,3,6,0.926307,0.685859,0.0095467
7920,41.25,0.00520833,0.0429416,5.14078e-12,2.97575,9,3,6,0.926308,1.03312,0.0147541
7940,41.3542,0.00520833,0.0429437,5.14611e-12,3.00776,9,3,6,0.92631,0.347262,0.00547023
7960,41.4583,0.00520833,0.0429455,5.41434e-12,3.00125,9,3,6,0.926311,0.685854,0.0095466
7980,41.5625,0.00520833,0.0429472,5.13722e-12,2.97575,9,3,6,0.926312,1.03311,0.0147539
8000,41.6667,0.00520833,0.0429492,5.14255e-12,3.00776,9,3,6,0.926314,0.347259,0.00547014
8020,41.7708,0.00520833,0.042951,5.42499e-12,3.00125,9,3,6,0.926315,0.685849,0.0095465
8040,41.875,0.00520833,0.0429526,5.13545e-12,2.97575,9,3,6,0.926317,1.03311,0.0147538
8060,41.9792,0.00520833,0.0429546,5.14611e-12,3.00776,9,3,6,0.926318,0.347257,0.00547005
8080,42.0833,0.00520833,0.0429562,5.41789e-12,3.00124,9,3,6,0.926319,0.685844,0.00954642
8100,42.1875,0.00520833,0.0429578,5.13189e-12,2.97575,9,3,6,0.926321,1.0331,0.0147537
8120,42.2917,0.00520833,0.0429597,5.14078e-12,3.00776,9,3,6,0.926322,0.347255,0.00546998
8140,42.3958,0.00520833,0.0429613,5.41966e-12,3.00124,9,3,6,0.926323,0.68584,0.00954634
8160,42.5,0.00520833,0.0429628,5.13189e-12,2.97575,9,3,6,0.926324,1.03309,0.0147536
8180,42.6042,0.00520833,0.0429646,5.14255e-12,3.00775,9,3,6,0.926326,0.347253,0.00546991
8200,42.7083,0.00520833,0.0429661,5.41966e-12,3.00124,9,3,6,0.926327,0.685836,0.00954626
8220,42.8125,0.00520833,0.0429676,5.13722e-12,2.97574,9,3,6,0.926328,1.03309,0.0147535
8240,42.9167,0.00520833,0.0429694,5.14255e-12,3.00775,9,3,6,0.926329,0.347252,0.00546985
8260,43.0208,0.00520833,0.0429708,5.42766e-12,3.00124,9,3,6,0.92633,0.685832,0.00954619
8280,43.125,0.00520833,0.0429722,5.13722e-12,2.97574,9,3,6,0.926331,1.03308,0.0147534
8300,43.2292,0.00520833,0.0429739,5.14078e-12,3.00775,9,3,6,0.926333,0.34725,0.00546979
8320,43.3333,0.00520833,0.0429753,5.417e-12,3.00124,9,3,6,0.926334,0.685829,0.00954613
8340,43.4375,0.00520833,0.0429766,5.13189e-12,2.97574,9,3,6,0.926335,1.03308,0.0147534
8360,43.5417,0.00520833,0.0429782,5.14255e-12,3.00775,9,3,6,0.926336,0.347248,0.00546974
8380,43.6458,0.00520833,0.0429796,5.42766e-12,3.00124,9,3,6,0.926337,0.685825,0.00954607
8400,43.75,0.00520833,0.0429809,5.13722e-12,2.97574,9,3,6,0.926338,1.03307,0.0147533
8420,43.8542,0.00520833,0.0429824,5.14078e-12,3.00775,9,3,6,0.926339,0.347247,0.00546969
8440,43.9583,0.00520833,0.0429837,5.41522e-12,3.00124,9,3,6,0.92634,0.685822,0.00954601
8460,44.0625,0.00520833,0.042985,5.13722e-12,2.97574,9,3,6,0.926341,1.03307,0.0147532
8480,44.1667,0.00520833,0.0429865,5.14611e-12,3.00775,9,3,6,0.926342,0.347245,0.00546964
8500,44.2708,0.00520833,0.0429877,5.42322e-12,3.00123,9,3,6,0.926343,0.685819,0.00954595
8520,44.375,0.00520833,0.0429889,5.13722e-12,2.97574,9,3,6,0.926344,1.03306,0.0147531
8540,44.4792,0.00520833,0.0429904,5.14788e-12,3.00775,9,3,6,0.926345,0.347244,0.0054696
8560,44.5833,0.00520833,0.0429915,5.42499e-12,3.00123,9,3,6,0.926346,0.685816,0.0095459
8580,44.6875,0.00520833,0.0429927,5.13722e-12,2.97574,9,3,6,0.926346,1.03306,0.0147531
8600,44.7917,0.00520833,0.0429941,5.14255e-12,3.00775,9,3,6,0.926348,0.347243,0.00546956
8620,44.8958,0.00520833,0.0429952,5.42499e-12,3.00123,9,3,6,0.926348,0.685813,0.00954585
8640,45,0.00520833,0.0429963,5.14078e-12,2.97574,9,3,6,0.926349,1.03305,0.014753
